fix	19758
minor fix	17527
bugfix	14972
bug fix	13735
Minor fix	7833
fix test	7433
fix bug	6962
debug	6679
small fix	6115
Bug fix	5796
Bugfix	5161
Fix test	4961
fixes	4056
fix tests	3843
Fixes	2614
Fix bug	2511
fixed bug	2316
Fix	2294
debugging	2127
Fix tests	2068
fixed	1882
Small fix	1844
Fixed bug	1750
Fix.	1604
bug fixed	1574
Fix test.	1315
fix name	1287
Bug fix.	1277
Bugfix.	1134
Bug fixes	1084
bug	1043
test fix	1037
fix error	986
bug fixes	959
‰øÆÊîπbug	946
Fix error	924
fix a bug	903
hotfix	878
quick fix	866
Fixed	842
fix type	822
fix bugs	787
Debug	744
fix issue	735
Fix issue	691
fix path	676
fix.	657
Debugging	615
Fix a bug	588
Fix bug.	543
fixup	531
doc fix	518
fix url	443
fix ref	441
fixing	421
fix setup	403
fix build	403
Fix for	395
minor bug	382
Fix type	374
fix doc	354
Hotfix	352
fix?	352
Quick fix	348
[FIX]	332
small bug	324
fix UDP	322
fix m2	318
bugs	316
bom fix	314
fix for	308
fixy	302
Test fix	287
Fix path	286
setup fix	284
fix again	283
BugFix	283
Bug fixed	273
tiny fix	271
Fix name	270
bugfixes	270
buglet	258
fix docs	256
fix fix	254
Fix build	254
type	243
FIX	241
fix title	240
Fix url	238
Fix docs	238
Fix host	236
Fix doc	233
Fix .	232
error	225
quickfix	214
fix text	212
bugfix.	210
fixes.	208
fix index	206
Fix bugs	203
[fix]	201
patch fix	196
Fix merge	194
issue	193
fix regex	190
path fix	186
fix test.	184
Fixed.	182
Fix setup	182
fix help	180
Bug Fix	176
Bugfixes	174
bug fix.	174
fix args	172
Fixes .	170
bugfixing	170
fix usals	168
fix log	167
fix pip	166
error fix	164
name fix	163
set fix	158
Fix URL	157
Fixup	156
fix merge	156
Fixes.	156
Minor Fix	155
Doc fix	154
tiny bug	150
some fix	150
fix 1312	148
Type	148
ÔøΩﬁ∏ÔøΩbug	148
kivy: fix	147
fix crash	146
uri fix	146
mistake	146
Name fix	138
fix code	132
Bug	130
Fix regex	129
fixed url	128
Fix nit.	128
SQL fix	128
url fix	127
fixbug	124
- bug fix	123
hot fix	122
Fix logic	122
Bug Fixes	122
Fix again	121
fix link	121
Fix link	119
Fix up	119
fix tyop	118
bug-fix	118
Fix index	117
debug off	116
fix flake	116
Bugger	116
#bug	116
Minor bug	114
type fix	114
Test fix.	114
bug_fix	114
fix print	113
merge fix	112
fix bytes	110
fix:	109
Fix key	104
.. fix	104
FIX popup	102
Nit fix	102
FixBug	98
Debug.	97
logic fix	96
fix #676	96
smallfix	96
fix 2810	96
fix #661	95
Fix crash	95
fix2	94
Quikfix	94
silly bug	92
Fix patch	90
text fix	90
Fix arg.	90
fix arg	90
a bug fix	90
Dummy fix	90
Tiny fix	89
fix #776	88
docfix	88
fix logic	88
fix 2904	88
fix prev	88
Fix code	88
fix port	87
Fix for .	86
Fix name.	86
Fixed id.	86
Small bug	86
fix email	86
Fixing	86
Fix query	84
fix #895	84
fix #910	84
debugged	84
default	84
Fix kwarg	82
Fix print	81
fix case	80
fix sign	80
fix urls	80
fix state	78
fix bug.	78
fix #991	78
fix call	78
fix init	78
Fix help	78
importfix	78
Fix flake	78
FIX test	78
:bug:	78
space fix	76
DEBUG	76
fix #1136	76
typeo	76
Fix loop	76
fix order	76
fix #1131	75
Fix case	75
fix #802	74
Path fix.	74
fix #1274	73
fix #1283	73
fix query	73
fix that	72
fix #1359	72
fix #68	72
fix #1378	71
flake fix	70
fix #1704	70
fixed err	70
fix json	70
Fix check	70
bug‰øÆÂ§ç	70
fix this	70
fix #1635	69
fix #1688	69
fix...	68
last fix	68
fix req	68
add debug	68
fix #1399	68
defaults	68
fix check	68
Fix repr	68
fix train	68
Issue	67
fix URL	67
Fix use	66
bug 886	66
fix comma	66
Sina: fix	66
Buglet	66
fix login	66
Path fix	64
Fix func	64
‰øÆÂ§çbug	64
Fixed nit	64
fix: test	64
Fix mean	64
crash fix	64
regex fix	64
'fix'	64
isort fix	64
fix pptv	64
fix rtd	62
fix #2022	61
fix #2026	61
fix #2027	61
fix #2025	61
fix #2101	61
Fix #15	61
fix #1934	60
fix #1984	60
fix #2108	60
fix #2107	60
fix #2104	60
fix name.	60
Fix untar	60
doc fixes	60
fix #1906	59
fix #1959	58
silly fix	58
fixed?	58
debug fix	58
qfix	58
#fix bug	58
fix hash	58
Fix sqrt	58
Bugfix!	58
fix event	58
* fix	56
Quickfix	56
no debug	56
fix #2235	56
more fix	56
Fix URL.	56
- fixed	56
Refix.	56
fixed doc	56
Hot fix	56
fix #2298	55
fix var	54
debuggin	54
fix line	54
Fix #155	54
Error	54
ËøòÊòØ‰øÆÊîπbug	54
fix #2315	53
fix #2341	53
fix #2351	53
fix #2360	53
fix #2384	53
fixes , ,	53
fix utest	52
fix E1321	52
log fix	52
fix shape	52
docs fix	52
fix #425	51
fix #2697	51
minifix	50
fix super	50
rST fixes	50
fix param	50
‰øÆÊîπÊ∑ªÂä†Áî®Êà∑bug	50
Fix shell	50
Huge fix.	50
fix it	50
Fix tuple	50
fix label	50
fix doc.	50
bit fix	50
Fix relu	50
fixy fix	48
2.4 fix	48
bug ‰øÆÂ§ç	48
undo fix	48
- bugfix	48
fix 2	48
spell fix	48
a bugfix	48
A fix.	48
fix #2801	48
fix #2784	48
fix #2819	48
fix uxl	48
Tests fix	48
Fix super	48
fix #3413	47
fix #2834	47
fix #2840	47
fixed.	47
final fix	47
Docfix	46
Fix mkdir	46
a fix	46
Doc fixes	46
fix types	46
fix split	46
code fix	46
Docs fix	46
fix #2995	46
fix #3038	46
fix #3068	46
fix #3091	46
Nonetype	46
fix js	46
FIX: Type	46
bug.	46
fixes bug	45
fix 4watt	44
fix dep	44
Fix grad	44
fix dtype	44
utest fix	44
Fix incr	44
fix key	44
fix proxy	44
fix qt5	44
big fix	44
Fix req	44
Fix Bug	43
Fix oo+I	42
Fix dtype	42
fixing 9	42
Litte fix	42
fixed win	42
Fix path.	42
fix None	42
fix nits	42
Fix SVG	42
Fix copy	42
Kodi fix	42
fix deps	41
fix #3411	41
fixud	40
Fix init	40
oops fix	40
Fuck, fix	40
Fix title	40
Fix 251	40
fix api	40
fix tst	40
fix /0	40
#bug fix	40
fix oops	40
Code fix	40
fix #1	39
Fixes bug	39
fix time	38
fix post	38
Fix #34	38
fix refit	38
fix if	38
Fixed url	38
debug...	38
Fix call	38
Fix fox	38
fix aboot	38
fix #18	38
label fix	38
* Req Fix	38
fixed it	38
-Fix tail	38
refix	37
fixes LP:	37
debug 2	36
API fix	36
fix duh	36
fix timer	36
Oh bug.	36
build fix	36
Fix Setup	36
Fix ls()	36
fix #610	36
FIXES	36
Fix port	36
fix cli	36
Fixed #58	36
Fixes.:	36
fix repr	36
fix list	36
fix sleep	36
Fix Issue	35
fix util	35
nameerror	34
Fix cache	34
Bugfixing	34
Fix call.	34
fix model	34
Fixed doc	34
fix break	34
fix dup	34
bugfixed	34
fix:help	34
Fix sum	34
Use dtype	34
fix minor	34
fix tipo	34
Fixed uri	34
print fix	34
fix loop	34
fix tuple	34
FIX set	34
undebug	34
Fixes Bug	34
Sohu: fix	33
Fix bugs.	32
fix #582	32
Fix?	32
fix del	32
A fix	32
doc bug	32
Fix Home	32
Fix Test	32
fix mypy	32
fix range	32
sigh, fix	32
Fixed URL	32
Fix deps	32
NameError	32
None fix	32
fixups	32
debugs	32
Fix prod	32
fix tfr	32
Bugz0r.	32
more bugs	32
fix last	32
FIX-2	32
types	32
param fix	32
fixes #92	31
Fix #41	31
fix id	30
fix 2862	30
testfix	30
win fix	30
fix typp	30
Regex fix	30
y/x fix	30
ucs fix	30
fix!	30
Error fix	30
More fix	30
fix ns	30
Fix Rust.	30
Fix...	30
fix path.	30
URL fix	30
fix osx	30
debug on	30
tests fix	30
fix ssl	30
naive bug	30
fix re	30
fix derp	30
fix date	30
BUGFIX	30
CS fix	30
bug fixe	30
fix TEST	30
index fix	30
fix #4039	29
fix #4047	29
Refix .	29
key error	29
fix !imdb	28
fix admin	28
bump fix	28
L issue	28
Print bug	28
Color fix	28
debuging	28
fix #4	28
fix #4084	28
fix #4108	28
fix #3952	28
fix #4040	28
fix #4065	28
fix usage	28
value bug	28
fix #3294	28
fixes 98	28
fix alias	28
fix env	28
fix grads	28
fix dssm	28
fix kwarg	28
Silly bug	28
fix debug	28
FIX order	28
FIXES 2	28
fix #1098	28
Fix cmap	28
fix cmd	28
Fixes #92	27
[FIX] bug	27
fixed #22	27
fix #4139	27
Debug off	27
fix sort	27
fix fs	26
Fixed .	26
fixed URL	26
fix pwd	26
fix fail	26
Fix tyop	26
Fix #501	26
2.6 fix	26
Quickfix.	26
fix plot	26
fix read	26
Bug Fixed	26
fix #1453	26
str fix	26
fix3	26
fix #27	26
mypy fix	26
fix #4216	26
The fix	26
Type fix	26
Doc fix.	26
Fix ipv6	26
%s fixed	26
fix cache	26
FL: fix	26
fix #3962	26
Hotfix.	26
FIX: doc	26
fix: max	26
WFS fix	26
#bugfix	26
fix #13	25
fix #7339	25
Fix #2267	25
Fix log	25
fix #4429	25
Fix #4678	25
Fix #4690	25
Fix #1818	25
 fix	25
case fix	25
Fix #36	25
fix #	25
fix send	24
fixing...	24
Fix docs.	24
Fix:	24
Some fix	24
andy fix	24
bugifx	24
debug.	24
[fix]ÊµãËØïÊä•Èîô	24
debug log	24
Real fix	24
next fix	24
fix join	24
fix #141	24
Final fix	24
fix menu	24
title fix	24
fix form	24
fix dev	24
Fix #334	24
Fix #1597	24
Fix #5024	24
tyop fix.	24
Add error	24
fix stuff	24
bug fix 2	24
fix #4254	24
#‰øÆÊîπ‰∫Ü‰∏Ä‰∏™bug	24
A type :)	24
fix #2744	24
Fix #9550	24
minot fix	24
fixed log	24
fix shit	24
fix up	24
Fix tasks	24
fix TB	24
Fix #1	24
Tiny bug	24
fix edits	24
Fix #5102	24
Fix #4955	24
-fix	24
gmm debug	24
Fixing %	24
Fix #9217	23
fixed #87	23
[56] fix	23
Fix  #108	23
Fix #2386	23
fixed GH	23
Fix #3346	23
Fix #520	23
#284 fix	22
fix rm_rf	22
fix bugs.	22
Fix #1547	22
[fix]‰øÆÂ§çÊµãËØï	22
fix dir	22
int fix	22
timefix	22
try fix	22
Fixed Bug	22
fix Issue	22
Bool fix	22
Fix #3789	22
Fix #9083	22
Fix #7808	22
Fix #687	22
fix size	22
linux fix	22
Fix types	22
fix #1664	22
mimetype	22
fix #4375	22
fix #4481	22
fix #4651	22
Fix 404	22
fixx	22
FIx test.	22
fix count	22
date fix	22
Fix #2276	22
fix csv	22
Fix rip	22
fix atoi	22
fix wsgi	22
fix QCQP	22
Fix undo	22
fix lang	22
Fix P3	22
bugfix2	22
Add debug	22
h_type :	22
err fix	22
fix view	21
(fixes	21
fix #2	21
Fix #1116	21
Fix #4013	21
fix 4706	21
fix #527	21
fix open	21
fix #4078	21
fix: #106	21
Fix #3405	21
Fix #1921	21
bag fix	21
fix #2385	21
Fix #302	20
fixes!	20
Crash fix	20
bugfix?	20
Dumb fix	20
typecheck	20
fix #391	20
fix #233	20
fix err	20
json fix	20
fix save	20
fix links	20
Fix #3190	20
fix self	20
fix #272	20
Fix #5688	20
Log error	20
Fix nits.	20
fix #28	20
[fix] m2m	20
fixed 0/1	20
Fix admin	20
fix phash	20
fix me	20
fix total	20
fps fix	20
fix host	20
Fix #136	20
fix route	20
fix parse	20
fix #12	20
Fix try	20
Fix tags	20
Small Fix	20
fix all	20
fix NPE	20
fix spec	20
fix #415	20
Fix range	20
error msg	20
dani fix	20
fix mock	20
fix cover	20
fastfix	20
Fix v2	20
fixabug	20
fix main	20
Xlsx fix	20
Fix #2532	20
fix_bug	20
fix yaml	20
[bug fix]	20
fixy fix.	20
bfix	20
fixes #2	19
fix #443	19
Fix #7	19
fix #618	19
Fix #458	19
Fixed 8.	19
Fixes #14	19
fix isort	18
fix argv	18
log bug	18
fix #25	18
Fixed LF	18
fix 2.	18
unrar fix	18
FIX: bug	18
fix, bah	18
Uh, fix	18
ups fix	18
fixes #8	18
smol fix	18
fixed var	18
fix css	18
fix cast	18
mistype	18
- Bugfix	18
fixed key	18
fix tpyo	18
fix;	18
fix #831	18
Fixy	18
Bugs	18
fix lstm	18
fix sql	18
fix iter	18
fixes 240	18
fix len	18
Fix #4593	18
Fix link.	18
Fix prior	18
Bugfix 2	18
fix ip	18
errors	18
pytype.	18
same fix	18
fix try	18
Setup fix	18
Doc fixup	18
fix sha3	18
init fix	18
FIX issue	18
query fix	18
fix typeo	18
Fix skip	18
fix mro	18
Issue #28	18
Fix email	18
fix --two	18
Fix #17	18
Fix typeo	18
Quick Fix	18
key fix	18
fix utils	18
Fix InfoQ	18
"#fix"	18
Fix shrug	18
fixup!	18
Link fix	18
bug fix!	18
Bugfix?	18
Fix token	18
fix GATK	18
Fix #55	17
Fixed #27	17
re fix	17
Fixes #1	17
[Fix]	17
Fix #11	17
Fix #63	17
fix logs	17
fixes #1	17
fix tag	17
fixs	16
fix: mdc	16
fix iv	16
api fix	16
fixifix	16
Tiny fix.	16
fix >>	16
fix utf-8	16
fix !s	16
fix vote	16
fix paths	16
issue fix	16
‰øÆÂ§ç‰∏Ä‰∏™bug.	16
fix owner	16
tuple fix	16
fix npe	16
fix #3043	16
Fix #374	16
gui fix	16
bugfix :)	16
Name fix.	16
Fix #5798	16
Text fix.	16
model fix	16
Fix Title	16
Fixed it	16
prefix	16
ReSt fix.	16
stats fix	16
fix token	16
fix #1067	16
fix #1052	16
fix input	16
Fix cli	16
fix space	16
Fix salt	16
Fix fix	16
fix field	16
fix1	16
Fix PEP 8	16
Fix urls	16
Ivr fix	16
tmp fix	16
Fix url.	16
fix icon	16
Dict fix.	16
Log fixes	16
Fix args	16
Fix TTS	16
fix slice	16
fix hiero	16
fix ËØØÊìç‰Ωú	16
fix lr	16
KeyError	16
Fixes 301	16
#types	16
save fix	16
FIX 7349	16
Fix arg	16
fix str	16
buglet.	16
duh, fix	16
fix .	16
fix UT	16
fix wait	16
fix a tb	16
fix value	16
Fix list	16
dtype	16
fix opkg	16
fixed 559	16
2.1 fixes	16
for debug	16
Bah, fix.	16
fix quote	16
fix bug 2	16
Fix LISP	16
temp fix	16
Bug fixe	16
fix msg	16
IMP error	16
fix miss	16
Build fix	16
fix names	16
fixes..	16
bug catch	16
Space fix	16
Fixed CLI	16
wrap fix	16
- fix	16
fix dict	16
Fix API	16
Fix-up	16
fix tpo	16
Bugfix RO	16
mini fix	16
Fix #1005	15
fix #24	15
fix #62	15
Fix #61	15
Fix #836	15
Fixes #47	15
Fixes #11	15
Fixed #77	15
fixes #67	15
fixing #1	15
Such bug.	15
Fixes #31	15
Fix #1124	15
fix ut	15
Fix #35	15
fix ci	15
size fix	14
Bool fix.	14
rebugfix	14
Case fix	14
hotfix2	14
fix #11	14
debug hw2	14
bug fig	14
fixed int	14
clear fix	14
fixes #20	14
io bug	14
fix emoji	14
fix conf	14
fix auth	14
fix hook	14
fix unit	14
Fix cval	14
pathfix	14
fix #6	14
fix mlihp	14
fix .npl	14
fix .yi	14
range fix	14
Fix it	14
QC fixes	14
Fix type.	14
fix #1676	14
Zaber fix	14
RTD fix	14
bug fux	14
Fixes #22	14
fix shell	14
fix ping	14
link fix	14
Fix comma	14
ninja fix	14
ui fix	14
now fixed	14
Fixes #56	14
Fixup.	14
mini bug	14
Fix #83	14
Fix #138.	14
ËøûÁª≠Êí≠Êîæbug	14
Fix debug	14
FIX: Topo	14
lil fix	14
fix cors	14
fix #310	14
fix 599	14
Fixing.	14
Fix flags	14
Fix #504	14
url bug	14
fix feed	14
fix raise	14
Fix #502	14
re-fixed	14
unfixfix	14
guid fix	14
Fix paths	14
found bug	14
Fix Spell	14
Fix str	14
reST fix	14
Fix mode	14
menu fix	14
fix table	14
Bugfixes.	14
bugFix	14
Minifix	14
fix add	14
Fixes CI	14
Hotfixes	14
fix typ	14
fix slug	14
Fix mypy	14
merge bug	14
fix 2794	14
util fix	14
fix #98	14
brc debug	14
Fix #592.	14
args fix	14
fix imp	14
Fix wsgi	14
samll bug	14
msg fix	14
Fix class	14
‰øÆÂ§ç‰∏Ä‰∏™bug	14
fix stats	14
Fix label	14
FIX type	14
fixe tpyo	14
BUG FIX	14
DWD fix	14
Fix tipo	14
fixe	14
fix 4	14
fix image	14
bug‰øÆËÆ¢	14
url fixed	14
init bug	14
fixy.	14
buf fixes	14
debug avg	14
fix #495	13
Fix args.	13
* fix bug	13
Fix #153	13
fix views	13
fix #2075	13
fixes #41	13
fix #1910	13
Fixes #8	13
Fix #3	13
Fix bug .	13
fix #654	13
fix #478	13
Fixed #49	13
Fix #25	13
Fix #578	13
fixtest	13
CI fix	13
DE: fixes	13
Fix #2850	13
for issue	13
fixed #13	13
BugFix .	13
Fix Fix	13
fix 2861	12
fix #186	12
log error	12
a mistake	12
fix #130	12
add fix	12
fix user	12
Slot Fix	12
WK Fix	12
URL Fix	12
smal fix	12
tag fix	12
fixer	12
bugfix!	12
fix demo	12
fixes #55	12
maybe fix	12
fix bot	12
arg fix	12
Fix2	12
bigfix	12
fix #728	12
Fixed log	12
help fix	12
fix ita	12
Fix limit	12
Bug fix!	12
Fix raise	12
utf fix	12
fix mask	12
fix 3	12
Fix 2	12
fix ajax	12
Fix #1028	12
fixes #10	12
vo= bug	12
fix #2140	12
fix ==	12
typefix	12
SMS fix	12
Fix text.	12
Last fix	12
fixity	12
fix #5558	12
Fixes #2	12
buxfix	12
fix spell	12
fix cb	12
[fix] meh	12
fix 500	12
fix smell	12
fix #60	12
fix #49	12
fix #3	12
blind fix	12
fix home	12
Fix #829	12
PyPI fix	12
1.10 fix	12
check bug	12
Wait fix.	12
nasty bug	12
issuefix	12
bug fixs	12
Text fix	12
oops, fix	12
admin fix	12
Fix Zone	12
fix #19	12
Fix LRN	12
fix gt	12
fix cron	12
fix #1669	12
Bug fix 2	12
zfix	12
Fix PR.	12
fix ss	12
fix #58	12
bleu fix	12
fix a TB	12
sig fix	12
dumb bug	12
Fix from	12
Êîπbug	12
Fix sort	12
bugg fix	12
[fix]help	12
fix mode	12
fix graph	12
fix #3480	12
fix i	12
Fix text	12
Fix ref	12
fix https	12
fixes 2	12
Fix SQL	12
bugfix Re	12
minro fix	12
bugz	12
JSON fix	12
Mypy fix	12
fix get	12
fix tr	12
debug msg	12
Fix tag	12
json bug	12
DTA debug	12
bugfix1	12
log debug	12
bug2	12
Mistake	12
fixing id	12
issue11	12
issue80	12
fix weibo	12
fix none	12
SCC fix	12
fix int	12
debug fp	12
Fix AR	12
Fix BG	12
Fix SV	12
* fixes	12
bugfix..	12
Fix bug?	12
fixje	12
DEBUGGING	12
fix ...	11
fix #659	11
fix #55	11
Fix #238	11
Fix #82	11
BUG	11
fix to	11
Fix #226	11
fix #16	11
Fix #111	11
Fix

fix #66	11
Fixup
:	11
Fixup :	11
fix..	11
Fix #3150	11
Fix fo	11
Fix #2064	11
Logic fix	11
Fix #19	11
Fix #151	11
Fix #798	11
Fix #805.	11
fixes #40	11
:fix: fix	11
fast fix	11
Fix #371	10
  type	10
fixes too	10
fix billy	10
fixes #36	10
fix #629	10
fix os	10
UI fix	10
‚ÄúFixes‚Äù	10
fix start	10
spellfix	10
chat fix	10
term fix	10
debug IP	10
suffix	10
quote fix	10
fix score	10
fix wtf	10
var fix	10
Fix codes	10
fix black	10
Fix Host	10
Mistype	10
fix skip	10
fix #162	10
fix http	10
Fix #2	10
pool bug	10
none fix	10
fix gcov	10
Fix <=	10
pep fix	10
keyerror	10
Fixes #23	10
fix #5701	10
input fix	10
#fix  bug	10
fix #151	10
fix abc	10
rtd fix	10
Fix #355	10
fixed db	10
fixed #52	10
fixes for	10
fixes #24	10
fix limit	10
fix mean	10
Fix pass	10
‰øÆÊ≠£bug	10
+ fix;	10
fix xpath	10
Fix cice	10
-debug	10
bug fix 1	10
#fix	10
Fix views	10
Login fix	10
Fix #154	10
fix copy	10
bufgfix	10
fix 20	10
fixing ci	10
add type	10
imap fix	10
fix ngu	10
bufix	10
fix bs	10
fixfix	10
Fix #449	10
bugfix 3	10
fix #73	10
URL fixed	10
bug check	10
Fix delay	10
PEP fix	10
fixenum2	10
fix #282	10
#È¨ºÁïúBUG‰øÆÂ§ç	10
Usage fix	10
/move fix	10
Fix #461	10
Fix CG.	10
Derpfix	10
fix here	10
fix pad	10
fix: misc	10
fix )	10
bugfix 2	10
bug fix?	10
fix grep	10
fix menor	10
Fix :undo	10
fix scope	10
save fix?	10
Fix it.	10
Fixes:	10
rm debug	10
Param fix	10
apiÂèØË°åfix	10
fix perms	10
Break/fix	10
Fixed key	10
vote fix	10
Fix about	10
logfix	10
POS Fixed	10
cos fix	10
fix db	10
fix Chain	10
Fix api	10
ptu bug	10
unreg fix	10
jsonp fix	10
fix: wip	10
dep fix	10
tiny fix.	10
fix more	10
fix eval	10
Fix login	10
fix year	10
fixxx	10
fix page	10
i18n fix	10
-bug fix	10
-bugfix	10
Fix dep	10
fixo	10
Bug.	10
fix grid	10
new fix	10
ark fix	10
fixes MP2	10
fixes1	10
fix color	10
fix sem	10
path bug	10
Fix pjoin	10
Fix hex	10
bugsss	10
Fix #103	9
Fix #945	9
fix #5	9
bug!	9
fix #581	9
Fixes #78	9
Fix #259	9
Fix #132	9
fix #5757	9
Fix #268	9
Fix #308	9
Fix #359	9
Fix #369	9
Fix #607	9
Fix #577	9
Fix #700	9
fixes #28	9
urls: fix	9
fixes #3	9
PR fix	9
fix #966.	9
fix #747	9
Fix #3318	9
fixes #22	9
linkfix	9
Fixes #18	9
fix #9	9
- hotfix	9
user fix	9
[DEBUG]	9
urls fix	8
Fix pyqt	8
moar fix	8
bugfiz	8
fix #47	8
fixed mlp	8
Hot fix.	8
Fixes #60	8
Mini-Fix	8
dbs3 fix	8
Fix time	8
self fix	8
fnd bug	8
Mistype.	8
Debug on	8
fix tools	8
dtype fix	8
Fix #80	8
index bug	8
sql fixes	8
fix seen	8
fix polls	8
wtf fixes	8
fix delay	8
[top] fix	8
lol bugs	8
fix 404	8
bugfix ;)	8
fix bind	8
Fixy fixy	8
Fixed sha	8
Fix #2782	8
Fixed #64	8
Minorfix	8
Spellfix	8
print bug	8
cp error	8
fix fab	8
* bug fix	8
fix --	8
fix #43	8
fix pid	8
form fix	8
item flaw	8
Â∞èbug	8
fix xlims	8
Debuggin	8
fix #56	8
cut fix	8
fix 2707	8
bug fix2	8
fix #6037	8
Oops bug	8
Fix caps	8
Fix #487	8
fix dump	8
Fix RE	8
‰∏Ä‰∏™Â∞èbug	8
fixes #15	8
name bug	8
tf bugfix	8
[FIX]CI	8
send fix	8
min fix	8
fix typ0	8
nodebug	8
Fixes #42	8
fix pass	8
Fix #713	8
Fixed?	8
Fix jei	8
debug doc	8
Fix ping	8
Fix doc.	8
Min bug	8
fix back	8
crop fix	8
Fix #650	8
Parserfix	8
[BUG]	8
core: fix	8
dict fix	8
fix loss	8
dim fix	8
issue #18	8
nagfix	8
fix sohu	8
email fix	8
fix #8	8
Fix mock	8
fix #3638	8
debug4	8
db fix	8
Fix #314.	8
ip fix	8
‰øÆÂ§çBUG	8
FSA fixes	8
Fixbug	8
fix 398	8
Misc fix	8
fixed len	8
Key error	8
BUG FIX.	8
Fix dash.	8
fix :bug:	8
fixes #11	8
fix: type	8
Fix model	8
fix file	8
Fix space	8
Fix mark	8
Fix join	8
bugfix(2)	8
Fix RCSID	8
fix tb	8
fix app	8
FIX bug	8
Fix #120	8
Fix CC	8
2.7 fix	8
Data type	8
debug;	8
fix dtd	8
utf8-fix	8
grew fix	8
MSVC fix	8
p300 fix	8
numpy fix	8
fixin	8
Some fix.	8
fix clear	8
Fix last.	8
fix sdup	8
Fix #331	8
Fix #22	8
fix /map	8
Fix #406	8
fix float	8
DEBUG off	8
Fix UT	8
Fix #89	8
Mini fix	8
Fix #611	8
Fix #727	8
fix: rtd	8
nonetype	8
fix word	8
linux bug	8
obama fix	8
text type	8
Fix GAE	8
Fix Fista	8
mp fixes	8
fix4	8
Fix TSV	8
Same bug	8
fix -u	8
fix move	8
layer fix	8
LGTM fix.	8
fix UTs	8
lower fix	8
Fix count	8
fix AND	8
Fix!	8
bug...	8
fix d2l	8
Fix get	8
fix #211	8
usage fix	8
Fix ci	8
fix: bug	8
added fix	8
mistype!	8
solve bug	8
a bug	8
Hotfix u	8
array fix	8
Bugfix 8)	8
Fix #1924	8
New fix	8
Fix id	8
fix tabs	8
bug`	8
Npe fix	8
fix pin	8
Fix spell	8
trakt fix	8
prop fix	8
rt fix	8
Fix auth	8
fix recv	8
fix crop	8
Fixed SQL	8
re-fix	8
fix about	8
fix dummy	8
fix rpn	8
cache fix	8
fix probe	8
fix array	8
fix enum	8
fix OR	8
fixy fixy	8
fix nonce	8
fix %s	8
More bugs	8
fix pipe	8
HOTFIX	8
Amend fix	8
Fix #350	8
Fix derp	8
weibo bug	8
fix strip	8
Fix 4106	8
fix apkid	8
fix round	8
fix base	8
order fix	8
meta bug	8
p3 fix	8
‰øÆbug	8
Merge fix	8
ascii fix	8
Fix isort	8
bss fixed	8
bug fix\!	8
Bug fix?	8
font fix	8
Fix typ0	8
dev fix	8
[fixed]	8
Debuging	8
bug kill	8
m fix	8
‰∏Ä‰∫õBUG‰øÆÂ§ç	8
fix units	8
fix5	8
color fix	8
fix arch	8
other bug	8
fix bread	8
dt fix	8
errortje!	8
fix nginx	8
fix-bug	8
bug?	8
mail fix	8
Errores	8
Microfix	8
login fix	8
CLI bug	8
fix sync	8
img fix4	8
bug hunt	8
Cuda fix	8
Fix train	8
fix some	8
fix loops	8
fix #33	7
fix #10	7
Fixes #87	7
Fix #59	7
Fix #1073	7
Fix #1178	7
fixes #9	7
fix #23	7
Fixes #10	7
User: fix	7
Fix #1757	7
fix #6101	7
fix #6157	7
Fix #21	7
fix #54	7
fix #815	7
fix #709	7
Fix #128	7
fix flags	7
bugfix #1	7
fixes #17	7
Issue #2	7
Fix #1173	7
Fix #1075	7
setup bug	7
Fix #37	7
fix reset	7
Fixes #39	7
Fix OTLs	7
Fix #139.	7
fix task	7
Fixes #7	7
Fixes #90	7
fix #266	7
 bug fix	7
Fix #517	7
Temp fix	7
fix role	7
fixes #51	7
fix #59	7
one fix	7
WIP fixes	6
Stringfix	6
fix cyc	6
again fix	6
fixed Bug	6
fix

fix	6
fix 913	6
Fix thing	6
Kick Fix	6
Jisho fix	6
MTG Fix	6
PM Fix	6
PM Fix.	6
Fixing...	6
Fix++	6
Fix shape	6
fixed #1	6
fix #367	6
Fix #81	6
fixed gmm	6
fix chmod	6
fix embed	6
id fix	6
Fix field	6
agent fix	6
Typecheck	6
fix blame	6
fix tally	6
fix #240	6
fix throw	6
fix shibe	6
fix urban	6
fix ping6	6
fix xkcd	6
Fix F841	6
Refix	6
sp. error	6
+fix	6
Fixed #1	6
width fix	6
fix forms	6
fix Ian69	6
3.5 fixes	6
Fix tyop.	6
Fix #3771	6
micro fix	6
Fix #2528	6
fix mu ID	6
yaml fix	6
note fix	6
Fix /name	6
Fix a tb	6
fix find	6
fix rms	6
Fix PEP	6
fix #53	6
fixes?	6
Fixes...	6
fix #549	6
fix put	6
tfc fix	6
Fix "bug"	6
fix #1165	6
Demo fix	6
fix daily	6
fixed??	6
mysql fix	6
Fix mro	6
Fixes #61	6
fixes #27	6
task bug	6
utc fix	6
mac fix	6
fix #20	6
fix floor	6
price bug	6
fix perm	6
fix clean	6
plot fix	6
Fix demo	6
Fix usage	6
fixed #26	6
fix kwd	6
fixes #60	6
some bug	6
fix mail	6
Bug-fix	6
Fix #1319	6
Fix tvvip	6
UPES fix	6
obv fix	6
sound fix	6
fix 0.8	6
len fix	6
Fix dict	6
fixes #7	6
fix queue	6
Fix #554	6
mroefixes	6
fix 100%	6
fix iport	6
Fix #8	6
fix #314	6
fix #319	6
fix #347	6
fixed sql	6
SQL Fix	6
Fix C/C++	6
fixed tag	6
"bug fix"	6
Fix #12	6
fix in ps	6
Moar bugs	6
debug 3	6
rpn fixes	6
DrawX fix	6
Fixed #21	6
fixed all	6
Micro fix	6
fix axis	6
fix ad	6
Fix E713	6
fix nikto	6
Fix exit	6
Fix AES	6
Fix cat	6
Fix ps -S	6
fix #64	6
fix_CRB	6
type hint	6
fix media	6
# Bug fix	6
: fix	6
mark fix	6
Spell Fix	6
port fix	6
fix wrong	6
fix ezrss	6
Api fix	6
fix load	6
typeo fix	6
Fix UTF-8	6
fixed!	6
fix lol	6
fix map	6
date bug	6
Fixed fix	6
fixes #13	6
udev: fix	6
dict bug	6
fix10	6
fix17	6
Fix save.	6
Tag fix	6
fix ban	6
Doc Fix	6
figex bug	6
Fixed #30	6
Fix cast	6
Minor-fix	6
bugfix...	6
Fix Topic	6
fix #263	6
fixedifix	6
fix F11	6
filetype	6
FIx test	6
tpyo fix	6
fix hosts	6
real fix	6
Fix #568	6
misc fix	6
fix rsi	6
bug subj	6
geo fix	6
Fix bills	6
BUG fix	6
Fix #1578	6
topk fix	6
Fix #218	6
Fix quote	6
fix hooks	6
fix bug 3	6
fix #699	6
fix max	6
fix #1080	6
Debug on.	6
# fix	6
fix PR	6
Fix: bug	6
[fix] lr	6
fixes #56	6
debug 4	6
a bug.	6
dead bug	6
[FIX] UTF	6
Debug2	6
fix p val	6
debug brc	6
trial fix	6
test bug	6
fixins	6
fixens	6
fix #515	6
fix #817	6
train fix	6
Bug #47	6
yuv fix	6
Fix #112	6
fix vfd	6
Fix #540	6
word fix	6
UT fix	6
Fix #1794	6
Proxy fix	6
Fix db	6
Code fix;	6
rpi fix	6
Fixes #30	6
fix #35	6
fix tr()	6
ReSt fix	6
CSP fix	6
XML bug	6
exit fix	6
fix colon	6
FIX check	6
Fix main	6
fixing 4	6
go debug	6
beta fix	6
meme fix	6
Fix #2446	6
bugf	6
bug ref	6
Add fix	6
fixed UT	6
Fix line	6
fix topic	6
fix temp	6
bug fix 3	6
fix 12	6
Fixes #24	6
djank fix	6
fix slash	6
dumb fix	6
Sieve fix	6
honk fix	6
bux fix	6
Fix color	6
fix #792	6
fix #858	6
Email fix	6
bug fix;	6
BUG: fix	6
admin bug	6
issue 46	6
Fix #831	6
Fixed #22	6
fixy...	6
fix ;)	6
cuda fix	6
- Bugfix.	6
c & p fix	6
API fix.	6
Svn fix.	6
Fix wt4.	6
Fixed it.	6
fixed BUG	6
BUG fixed	6
rang bug?	6
fix sbug	6
fix exit	6
fix pvp	6
fix done	6
py fix	6
fixes #23	6
fixed str	6
swift fix	6
fixi	6
fix scale	6
Fix #168	6
image fix	6
fix %o	6
fix #201	6
sort fix	6
Fix split	6
Fix param	6
fix cuda	6
Dumb bug	6
Fixes #21	6
Noob fix	6
Bug fix;	6
fixed arg	6
Fix peniz	6
fixes doc	6
bugfux	6
Fix 004	6
Add type	6
Fix topic	6
Name bug	6
fix stop	6
fix bugs:	6
terms fix	6
css error	6
hs fix	6
Tab fix	6
Fix 0000	6
Fix 0001	6
Fix 0004	6
Fix note	6
Fix 0014	6
Vg fix	6
issue 402	6
fix sizes	6
Fixed ip	6
Fixed cc	6
fix false	6
repo fix	6
kwarg fix	6
HotFix	6
Fix E714	6
Fix F403	6
Fixed =	6
fix alpha	6
fix 22	6
hotfix 2	6
few fixes	6
seed fix	6
@debug	6
final bug	6
fix keys	6
fix .gex	6
byte fix	6
goa: fix	6
FIX docs	6
Bug 953	6
Bug 1352	6
SQL error	6
fixed .	6
fix rank	6
fix nans	6
cts fix	6
‰øÆÊîπ‰∫Übug	6
fixed %%	6
fix cloud	6
e error	6
:bug: fix	6
fix dest	6
Fix CI	6
fix fees	6
fix :-)	6
utf8 fix	6
fix ptD	6
bug kmz	6
fix thing	6
heap fix	6
fix ui	6
PM fixes	6
GET error	6
bugix	6
field fix	6
mongo fix	6
time fix	6
fix abvar	6
cmfs fix?	6
Fix 338	6
token fix	6
Admin fix	6
debug--	6
bu fix	6
umask fix	6
fix md5	6
debug2	6
fix flag	6
pt: fix	6
Fix perms	6
weird bug	6
user bug	6
Fixes #35	6
debug out	6
JP Fix	6
Fix tab	6
fixt	6
Fix gcylc	6
!fix	6
EDIT: fix	6
Fix kind	6
fix play	6
Re-fix	6
mix bug	6
varfix	6
Fix #173	6
Fix lists	6
(debug)	6
fix mana	6
Fix icon	6
dims bug	6
path fix.	6
hot fix 2	6
issue-241	6
fix,	6
PEP fixes	6
fixing ui	6
logix fix	6
CUDA fix	6
fix roles	6
#bugfix üôà	6
dp: debug	6
o Fix.	6
new debug	6
Fix NPE	6
fixed em	6
nginx fix	6
CLI debug	6
utf error	6
Mode Fix	6
Fixed #10	5
fixes #14	5
fixes #6	5
Fix #167	5
fixes #31	5
Fixes \	5
fix #15	5
fix #1416	5
fix #1894	5
fix #46	5
fixes #26	5
Fixes #13	5
Fix #560	5
fix #14	5
fix #57	5
fix #22	5
Fix #580	5
fix #31	5
fix #44	5
Fixes #4	5
fixes #95	5
fix #30	5
Fixes #57	5
fix #256	5
fix #487	5
fix #120	5
Fix #3105	5
See bug	5
fix #94	5
fix #3663	5
fix #168	5
fix #397	5
fixes #25	5
Fix #5	5
bugfix #2	5
Fixes #3	5
: fixes	5
: Fixes	5
fix CI	5
Fix #24	5
Fixed #53	5
issue #48	5
Fix #187	5
Fix #174	5
Fix #232	5
Fixes for	5
Fix and	5
Fix #1015	5
Fixes #9	5
issues	5
fix ..	5
fix #640	5
Fixes #19	5
Fix #27	5
fix #177	5
fix #4247	5
Fix #4309	5
Fix #325	5
Fix #386	5
* bugfix	5
Fix #1313	5
fix #4222	5
fix noop	5
Fix #117	5
Fix #14	5
Fix box	4
Â∞è bug	4
Otro fix	4
Easy fix	4
fix bpr	4
bug fi	4
fix bug!	4
Joke Fix	4
fix trim	4
#31 fix	4
fixes #33	4
Fixed SR	4
Issue #44	4
Bug Fix!	4
the fix	4
fixfixfix	4
Fix #878	4
debug RTD	4
jsonfix	4
travisfix	4
fixed cdl	4
aod fix	4
shape fix	4
audit fix	4
Fast fix	4
fix saves	4
fix not	4
fmt fix	4
!list fix	4
ex bugfix	4
fix pyicu	4
fix pack	4
debugged.	4
fix #652	4
fix #700	4
fix #724	4
fix #333	4
fix #379	4
fix #380	4
fix #466	4
fix #518	4
fix #749	4
fix #769	4
tar type	4
fix #138	4
fix tox	4
fixed ami	4
fit bug	4
FIXED	4
Fixes2	4
bme fix	4
name fix.	4
copy bug	4
samll fix	4
ËæÖÂä©debug‰ø°ÊÅØ	4
Date fix	4
fix lines	4
Int fix	4
fix SVHN	4
fix #34	4
units fix	4
Tuple bug	4
bg fix	4
Fix 4	4
afix	4
[*] bugs	4
Fix /nick	4
set bug	4
Size bug	4
fix yield	4
fix #1070	4
dvrk: fix	4
fix #386	4
fix #329	4
typetypes	4
Model fix	4
Fixes #40	4
Min.fix.	4
Url fixed	4
refix url	4
fix snap	4
fix #194	4
kill fix	4
fix doco	4
feed fix	4
fix #1692	4
Fix #256	4
fix :)	4
bug‰øÆÊîπ	4
Bug fixin	4
fix #52	4
fix voc	4
deal type	4
fixes #52	4
debugss	4
fix batch	4
fix alais	4
fix #176	4
fixed app	4
css fix	4
cli fix	4
Fix ius	4
Fixes #16	4
FIX: type	4
fix kyber	4
loop fix	4
Fix date	4
fixing 1	4
fix Prefs	4
fix DLA	4
fix wsgi?	4
Minifix.	4
BUG FIXED	4
fix div()	4
Comma fix	4
Store fix	4
Fix kill	4
@FIX	4
fixes lca	4
fixes cog	4
fix #6345	4
ops bug	4
fix etc	4
fix oos	4
fix kiri	4
fix other	4
fix bang	4
flip fix?	4
fix no 2	4
fix a big	4
Fix Super	4
Tri fix	4
Black fix	4
hot fix.	4
'fix`bug'	4
CI issues	4
fixed dir	4
Fix rtype	4
tu bugfix	4
bug3	4
log-fix	4
fix io	4
debugger	4
fix GCM	4
grade fix	4
fix raven	4
fix rooms	4
fix edit	4
BB fix	4
prc fix	4
set/type.	4
break fix	4
fix try 2	4
slowfix	4
UI Fixes	4
Msg fixes	4
Derpfix.	4
fix grrr	4
Fix image	4
fix macOS	4
fix linux	4
fix fish	4
fixing..	4
(doc fix)	4
deps fix	4
Bugfix...	4
await fix	4
refixing	4
fixlog	4
Fixxx	4
dumb bugs	4
fix mkdir	4
debug3	4
Docu fix.	4
link fix.	4
fuxe fix	4
Title fix	4
bug in IS	4
OSINT Fix	4
photo fix	4
Fix event	4
Fix names	4
fix /leet	4
fix macd	4
fixme	4
mast fix	4
Lemma fix	4
kick fix	4
fix boost	4
Fix scan	4
Fix minor	4
fix9	4
xml fix	4
fix #9.	4
fix myps	4
float fix	4
fixed 0.2	4
nit fix	4
tree fix	4
ci fixes	4
fix cbow	4
Fix more	4
Fix cwd.	4
Logic Fix	4
Fix bool	4
fix stack	4
Spell fix	4
Help fix.	4
*fix	4
Fixes #52	4
bugfx	4
Fix specs	4
#64 fix	4
Vnc bug	4
Fix samba	4
osx fix	4
Typeo.	4
Fix #1190	4
Fixed #3	4
FIX name	4
fix long	4
ning fix	4
Fix OSX	4
argv fix	4
acc fix	4
fix eps	4
crashfix	4
Live fix	4
fix r9289	4
fix libs	4
fix :s	4
fixed2	4
xs fix	4
fix HIG	4
fixes and	4
ext fix	4
fix bin	4
fix too	4
load fix	4
web3 fix	4
#BuildFix	4
Fixes #26	4
FIx	4
#113 fix	4
fix shim	4
Fix Nonce	4
bug fix:	4
errorfix	4
Default	4
fix specs	4
fixing me	4
Fix post	4
grew fix.	4
Fix -5	4
Fix -6	4
fix socks	4
fix str()	4
fix: path	4
tray fix	4
fixed dot	4
git fix	4
fix html	4
Bug Fix 1	4
ncpu fix	4
fix_g	4
Fix pull	4
Fix 3	4
Fix word	4
fix game	4
fix www	4
Type fix.	4
Silly fix	4
fixed #34	4
fix #270	4
Help fix	4
No debug.	4
fix m	4
str issue	4
ecdf fix	4
fixed #18	4
fix v9	4
* Fix out	4
fix popDB	4
--fixed	4
fixed if	4
Fix MLH?	4
fix 405?	4
fabfix	4
ÈÉ®ÁΩ≤bug‰øÆÊîπ	4
‰øÆÂ§çËÅå‰ΩçÂéªÈáçbug	4
bugfxies	4
Bugfixfix	4
gps fix	4
fix info	4
- Fixed	4
Fix #131	4
Fix votes	4
Fix #2514	4
small Fix	4
FIX #10	4
fix body	4
Fix time.	4
Fix #133	4
Fix #163	4
Typy fix	4
fix topn	4
fix chat	4
fix def	4
fixed )	4
fix imdb	4
fixes #4	4
Fixes #43	4
More Fix	4
fix qiu	4
FIX: r	4
fix 111	4
API bug	4
[BUG] CSS	4
Small Bug	4
Fix typ	4
cmd fix	4
Var Fix	4
fix reqs	4
[FIX	4
Fix route	4
price fix	4
% fix	4
oops bug	4
fix #545	4
Menu fix	4
fix OOM	4
wee fix	4
fix const	4
i2c

fix	4
i2c fix	4
Fix form	4
fix pca	4
Wall fix	4
Fix bug 9	4
fix #192	4
Bugfix,	4
quck fix	4
old bug	4
forms fix	4
type none	4
fix reply	4
fixed .z	4
Fixed K	4
Log fix.	4
Six fix	4
fix typi	4
fix r0=0	4
fix maybe	4
slab fix?	4
fix spy	4
async fix	4
QuickFix	4
fix utf8	4
fixed #36	4
fix theme	4
fix knn	4
FIX tests	4
[FOOLFIX]	4
fix s	4
wild fix	4
fixes #73	4
Fix MR	4
Fix 0	4
Bufix	4
Fix const	4
bugger	4
Fix icons	4
fix #606	4
fix: ci	4
fix p2	4
=fix bug	4
fixed msg	4
fix test;	4
Fixedbug	4
Fix sleep	4
str error	4
ufak fix	4
Debug 'Q'	4
fix:url	4
fix nfwd	4
pypi fix	4
safer fix	4
twd2 bug	4
bug in VV	4
buggy	4
icon fix	4
fix spade	4
Fix #49	4
fix #300	4
ad bugfix	4
wolen-bug	4
fix redis	4
Defaults	4
Fix goof	4
schemafix	4
fix urn	4
fix bugs'	4
fix retry	4
fix regx	4
more fixe	4
eta buggy	4
type r	4
types yo	4
BUGFIX #5	4
debug 6	4
debug 7	4
debug 13	4
fix tweet	4
New fixes	4
fix tdot	4
test fix1	4
appÂêçÂ≠óbug	4
mistake..	4
fix: url	4
debug dir	4
fixes #5	4
fix #269	4
fix odds	4
utf-8 fix	4
plot bug	4
Fig bugs	4
Seq fix	4
White fix	4
fix blap	4
agr fixed	4
fix #17	4
Fix NAME	4
right fix	4
Fix page	4
Timer fix	4
https fix	4
Fix tld	4
Fix cell	4
cell-fix	4
new bug	4
wex fix	4
mag bug	4
libr bug	4
fix c+p	4
no prefix	4
share fix	4
bug gfix	4
debug xp2	4
Fix lstm	4
fix ?DUP	4
fixssl	4
zone fix	4
cc errors	4
limit fix	4
clean fix	4
fix'	4
ÂÖ≥Êéâdebug	4
bug ‰øÆÊîπ	4
fixis	4
Glob fix	4
Fix stop	4
fix ÂõæÁâáÊäìÂèñ	4
add error	4
Fixes #51	4
CSS fix	4
Bugs fix	4
pso fix	4
pep 8 fix	4
fix TU	4
Fix all	4
Fix sbt	4
defect 17	4
Order fix	4
fix #859	4
namefix	4
buf fix	4
Fix retry	4
fixed api	4
fix #41	4
‰øÆÂ§çÂüüÂêçÊ±áÊÄªbug	4
refix log	4
bug areai	4
cam fix	4
url error	4
bag fixü§î	4
fix power	4
Fix PIP	4
fix 15	4
Debugged	4
fix sql.	4
fix #95	4
fix HEAD^	4
FIxed!	4
fixroo	4
FIX fix	4
fix #7	4
Fix #424	4
idx fix	4
Bug 1956	4
Bug 2445	4
unbuggify	4
Bug 1590	4
Fix Fixes	4
Fixed map	4
fix an id	4
ig fix	4
buffix	4
fix ,	4
Fix RTD	4
fix bogon	4
fux bug	4
sleep fix	4
Fix #701	4
Fix #739	4
Fix #764	4
Fix Tests	4
Fix Group	4
Email Fix	4
Debug...	4
email bug	4
pr fix	4
typecast	4
Fixed Imp	4
Sot fix	4
fix dim	4
bugfixg	4
Fix graph	4
fix bag	4
fix esxi	4
n2 fix	4
Fix json	4
DCTP fix	4
Issue 50	4
+type	4
few bugs	4
oops, bug	4
docs: fix	4
First bug	4
fix-947	4
stringfix	4
fixed i2l	4
Host fix	4
clock fix	4
fix chef	4
TYpe	4
Fix math	4
fix zero	4
call fix	4
ft fix?	4
fix infos	4
BUG:fix	4
join fix	4
Docfix.	4
Fix lower	4
fixed -s	4
bugfix3	4
_ bug fix	4
value fix	4
DB fixed	4
fix ylim	4
Fix #42	4
Fix fake	4
error out	4
fix vep	4
vae fix	4
+ fix	4
fix 18	4
fix 8	4
fix 19	4
fix 4step	4
fix 16	4
doc error	4
A bug fix	4
big fixes	4
Fix tree.	4
Fix gzip.	4
Fix run.	4
Fixed CI	4
Curl Bug.	4
data fix	4
fix namin	4
Fix #79	4
setupfix	4
role fix	4
fixerer	4
Fix int	4
Fix abc.	4
fix macys	4
Unik fix	4
Epic fix	4
ssh fix	4
debug it	4
bug gix	4
fix *	4
Fix true	4
fixed 46	4
fix run	4
int bug	4
fix watch	4
comma fix	4
fix ai	4
fixed dep	4
fix ;-)	4
fix ?	4
fix sorl	4
$ fix.	4
typeleif	4
Bugfix .2	4
add a bug	4
Wee buggy	4
int type	4
Smallfix	4
fix: ...	4
minor-fix	4
fix tes	4
Url Fix	4
Fixes #6	4
‰øÆÂ§çBug	4
fixed dbc	4
query bug	4
view fix	4
fix vars	4
WLM fixes	4
type err	4
mediatype	4
v fix	4
hot-fix	4
BUG‰øÆË°•	4
Perm Fix	4
fix note	4
win64 fix	4
- fixes	4
mas debug	4
uid error	4
Kwarg fix	4
cbv debug	4
but fix	4
rtd fixes	4
Fix black	4
fix BS	4
sync fix2	4
Fix r335.	4
Fix notif	4
UT Fix	4
debug end	4
lol fix	4
queue fix	4
ase fix	4
fix pop	4
simplefix	4
fix nPSs	4
cat fix	4
debug sql	4
*bugfix	4
error get	4
prob fix	4
Dumb type	4
minor_fix	4
Fix d.l.o	4
enum bug	4
tfold bug	4
fix: sep	4
Fix rmrf	4
fix bu	4
shinx fix	4
** Fix **	4
fix _Wait	4
fix ids	4
fixed ui	4
Fix value	4
new fixes	4
Fastfix	4
fix flow	4
fix a bit	4
fix #85	4
fix Year	4
fix tags	4
fix write	4
gotfix	4
Fix stats	4
Fix ram	4
debugged?	4
fix pr	4
Fix Name	4
fix ver	4
model bug	4
fix drill	4
fix sed	4
fix arxiv	4
bugfixin	4
Fix 175	4
bugs fix	4
fix msgs	4
dubug	4
Fix prime	4
Minir fix	4
debug 10	4
bug annee	4
fix /json	4
FIXBUG	4
bugfix6	4
fix prior	4
miyajifix	4
BugFix.	4
Bg fixed	4
Issue fix	4
fix pbar	4
  - fix	4
fix slip	4
fix etag	4
fixyyy	4
fixor	4
Fix host.	4
Add Debug	4
fixbugs	4
fixxxx	4
AWS fixes	4
fix hmm	4
cli bug	4
debuged	4
fixed ns	4
Fix layer	4
fixed id	4
show: fix	4
Fix #608	4
error sql	4
debuggggg	4
set debug	4
host fix	4
cloud fix	4
#Bug	4
Index fix	4
microfix	4
Fix moo	4
fix - /	4
task fix	4
Fix argv	4
cs fix	4
point fix	4
fix uri	4
fix ions	4
issue 10	4
fixed cap	4
‰øÆÊ≠£ÈÉ®ÂàÜbug	4
fixes`	4
fixing it	4
Sound fix	4
IOError	4
Fix azure	4
Fix 857	4
‰øÆÂ§çÂ∞èbug	4
Log fix	4
Fix MacOS	4
minorfix	4
fix mat	4
fix agf	4
fix conic	4
Fix msg	4
gru: fix	4
tcfix2	4
Fix slots	4
Hot Fix	4
rb fix	4
fix suite	4
ecut bug	4
fix bug..	4
debug qc	4
img fix	4
axisfix	4
mailfix	4
car fix	4
KNN fix	4
str bug	4
lang fix	4
SEI: fix	4
fix toyp	4
fix7	4
LDA fixed	4
views fix	4
fix Black	4
fixderp	4
Gah bug.	4
fix Note	4
fixed dim	4
super fix	4
fix gamma	4
Fix IOU	4
Fix ble	4
Fix w1	4
fix clock	4
tofixup	4
Beg Fix	4
Mini bug	4
fix :S	4
fix core	4
[FIX] ln	4
tyop fix	4
some bugs	4
dl fix	4
nano fix	4
fix 1	4
dang bugs	4
val fix	4
fixing nn	4
docfixup	4
Fix edema	4
CI fixes	4
list bug	4
fixed ut	4
rms fix	4
docu fix	4
xchat fix	4
fix52	4
bug fiux	4
Fix that	4
off debug	4
fix: join	4
debug 8	4
fix üî•	4
-Bug fix.	4
CUDA Fix	4
copyfix	4
Task fix	4
fixed4	4
Join fix	4
Fix view	4
fix nlp	4
class fix	4
petit bug	4
[DOC FIX]	4
RM fix	4
NetMF fix	4
fix desc	4
dash bugs	4
bitly fix	4
major fix	4
sql fix	4
fix Name	4
Fix attr	4
fix run()	4
net fix	4
fix br	4
Vat debug	4
fix []	4
[bugfix]	4
fix: bags	4
My fixes	4
fix caps	4
fix level	4
Fix a bit	4
Fix IB.	4
FIX 002	4
time bug	4
# fix bug	4
Fix RM	4
bug-fixes	4
fix small	4
fix res	4
fix uke	4
fix ldaps	4
bug-fix.	4
fix mpi	4
fix m2m	4
Fix mask	4
Hotfixe	4
fix #5652	3
Fixes #46	3
FIX #11	3
Fixes #20	3
fixes #64	3
fixes #19	3
fix #222	3
fix #829	3
fix #643	3
fix #832	3
issue #41	3
fixed #69	3
2D: fix	3
fixes #84	3
fix #381	3
fix dorks	3
doco fix	3
Fixes ‚Ä¶‚Ä¶	3
fix #336	3
Fix #380	3
Fix #26	3
fix-tests	3
fixes #12	3
fix #148	3
Fixed #12	3
Fixes #25	3
fix #1089	3
Fix #986	3
Fixed #7	3
fix #196	3
fix #26	3
Fix #20	3
fix #313	3
fix dao	3
fixes #34	3
- Bug	3
fix #29	3
derp fix	3
fix #388	3
Fixed #24	3
Fix #385	3
Fixes #68	3
Fix #72	3
[fix] #8	3
Fix #28	3
# 160 fix	3
fix #507	3
fixed #3	3
Fixes #79	3
Fix #231	3
Fix #209	3
 Fix 79	3
Fix 79	3
 Fix  #96	3
Fix #176	3
old fix	3
Fix #9	3
Fixes #65	3
fix #87	3
hotfix ;	3
Fixed #2	3
Dbugfix	3
[fix] fix	3
fix #463	3
Fix #114	3
Fixes #95	3
Bug fix:	3
Fix #233	3
Fix #212	3
Fix #10	3
FIX #58	3
* Bugfix	3
fix #125	3
fix #208	3
Fix #145	3
Fix #95	3
fix #170	3
fix #987	3
fix #421	3
Fix bump	3
fix #1179	3
fix #1219	3
fix #1348	3
 fix..	3
fixy for	3
fix #613	3
fix #3579	3
fix #3423	3
fix #189	3
fix #134	3
fix #156	3
fix #149	3
fix #81	3
ci fix	3
Fixes #17	3
Fix #159	3
 bug	3
fixes #86	3
fix #106	3
fixed #35	3
Fix #480	3
fix #669	3
Fix #1612	3
 #84 fix	3
fixed #96	3
fix #377	3
fix #356	3
fix #703	3
 bugfix	3
Fix #691	3
fixes #32	3
[Fix]Fix	3
Fixes #33	3
Fix #91.	3
fix trace	3
fix #39	3
fix #147	3
fixes #21	3
max fix	3
[Fixed]	3
Fixed #28	3
Fixed #41	3
Fixed #44	3
Fix #175	3
fixed #85	3
fix #21	3
fixed #14	3
Fix #162	3
Fix #40	3
#125 fix	3
Fix #64	3
fix -B	3
fix -b	3
st fix	2
list fix4	2
list fix5	2
FIX: last	2
fix FOM	2
Fix E303	2
otro fix	2
fix litle	2
fix svd	2
arg error	2
fcid fix	2
er bug	2
same fix.	2
ÂèëÈÄÅÊøÄÊ¥ªÈÇÆ‰ª∂fix	2
ut fix	2
Fix FRD	2
fixed s	2
list fix	2
Fix self.	2
Fix loss.	2
fix -v	2
fix 12hr	2
Êîπ‰∏∫debugÊ®°Âºè	2
Fix Apply	2
p3k fix	2
var fixed	2
1 bug	2
Fix rbac	2
moarTypes	2
Debug On	2
tinyfix	2
Types.	2
Fix p1p1	2
Fix data	2
BF fix	2
mesh fix	2
fixes #58	2
php56 fix	2
int32 fix	2
fix quiz	2
Fix #36.	2
Fix #58.	2
Fix race	2
fix #4142	2
'You' Fix	2
fix /stat	2
mt fix	2
Fix TZ	2
‰øÆÂ∞è bug	2
fix: #227	2
fix RE	2
fix "Du"	2
fix tanh	2
Fixed csv	2
fixed cut	2
fixed RG	2
fix orde	2
bug4	2
Fixes3	2
fix diffs	2
. fix bug	2
derpy bug	2
Fix colon	2
Fix TODO	2
Fix #418	2
fix step	2
fix p	2
Fix str 2	2
Fix enum	2
fixed ssl	2
bad bug	2
fix sha	2
Macro fix	2
Fix Type	2
root fix	2
SNR fix	2
csv fixes	2
fix exprt	2
fix top n	2
kwarg bug	2
fix ties	2
real fix?	2
fix bool	2
Fix this.	2
Fix #160	2
Fix #202	2
bug fixg	2
Key Fix	2
fix sub	2
fixZ	2
Fixes #75	2
U fix	2
Fix Path	2
rtd fix4	2
fix rtd5	2
rtd fix6	2
score fix	2
mis type	2
x=y error	2
Fix /list	2
tweet fix	2
twofixes	2
searchfix	2
None bug	2
fix banjo	2
fix #75	2
+test fix	2
Fix dep.	2
[Fix] Bug	2
Fix 51	2
Fix 9GAG	2
FIX4	2
:bug: id	2
fixed ids	2
fix prot	2
fixes 7	2
ge fix	2
body fix	2
por fix	2
spock fix	2
FIx 1	2
Few fixes	2
after fix	2
FIX BUG	2
Fixed SEA	2
backfix	2
run fix	2
fixit 2	2
meh fix	2
good fix	2
head bug	2
fix num	2
fix #96	2
fix #178	2
fix #217	2
fix #246	2
Fix DDQN	2
main: fix	2
debugg	2
fix ex9	2
fixed D L	2
mime fix.	2
Mistake!	2
pad fix	2
Fix HI	2
fix WI	2
fix MS	2
sudo fix	2
fix sp	2
zid fix	2
fix ]calc	2
Fix dates	2
Fix v bug	2
Fix: url.	2
fixed SRS	2
sily bug.	2
fix Enum	2
prototype	2
Fixes .1	2
fix prob	2
fix tiles	2
fix 100	2
Quick-fix	2
fix nico	2
fix 1233	2
fbctfix	2
bgfix	2
fix top_n	2
Fixed #6	2
fix door	2
chan fix	2
fix lance	2
fix lan	2
Fixed mT	2
Fix MRO.	2
Gug fix.	2
Fix #884	2
bug sorry	2
fix iban	2
fix CCCS	2
Tpyo fix	2
fix pypi	2
fix (2)	2
debug8	2
fix CN	2
fix: arg	2
req fix	2
mp fix	2
Small_fix	2
clip fix	2
SKU fix	2
w3 fix	2
fix istep	2
tqdm fix	2
Fix #33	2
error_p1	2
EQ3 fix	2
mean fix	2
bugfxix	2
find bugs	2
ch fix	2
int error	2
user type	2
CO bug	2
Fix PG db	2
Fix TV	2
Fixes 254	2
qtype	2
fixed mse	2
fixie	2
fix ty[o	2
Fix #98	2
dbfix	2
Fixes #55	2
fix nstr	2
‰∏Ä‰∏™Êô∫Èöúbug	2
Ë∂äÁïåbug	2
fixes #66	2
slash fix	2
fix E721	2
fix angle	2
Float fix	2
[fix]ËµãÂÄºÈîôËØØ	2
tags fix	2
Debug tau	2
Fixed /tm	2
Try fix	2
fix 24699	2
Fix??	2
fix vtag	2
fix sp.	2
Fix jpeg	2
Fix cv2	2
fixed API	2
fixes #75	2
error?	2
fix aplay	2
fix stdin	2
fixing rm	2
fixcaps	2
math fix	2
bug fixxx	2
‰øÆÊîπÂ∞èbug	2
fix: ing	2
Fix HC	2
Fixd app	2
iFix	2
users fix	2
Fixed _in	2
fix sudo	2
fix wp	2
Fix slice	2
fix datra	2
‰øÆÂ§ç‰∏Ä‰∫õbug	2
bit error	2
128bug	2
DNA Fix	2
fixad	2
fix F	2
set type	2
neps fix	2
bug in U	2
paper fix	2
ym fix2	2
fix vrve	2
ref() fix	2
fix: vk	2
Fix feed.	2
bug_950	2
fixtry	2
topic fix	2
fix pbr	2
bug;	2
dim bug	2
Fix nargs	2
Fixes #45	2
Fix Error	2
fix aov	2
Easy fix!	2
fix bt	2
Fix #523	2
debug 1	2
fix rate	2
fix X/23	2
Fix #2042	2
lris fix	2
fixed yo	2
SQL fixes	2
rfid fix	2
fixed l0	2
Fix onfig	2
fix fast	2
Fix #46	2
Fix dox	2
casts_fix	2
fix ms	2
Milifix.	2
BUG:..	2
fix net	2
wops, bug	2
Mior fix	2
tail fix	2
[FIX] BUG	2
fix joins	2
fixes #70	2
dask fix	2
speedfix	2
fix topGo	2
smllfix	2
fixd it2	2
fixed cli	2
Hoxfix	2
mino fix	2
Coeff fix	2
Fixx	2
fixing m6	2
doctype	2
yahotfix	2
fix isni	2
bugfix;	2
[FIX]!!	2
Fix **	2
fix: cell	2
fix(var)	2
fix bus	2
Fix oops.	2
Bus fix	2
dire fix	2
fix cvxpy	2
fix qgrid	2
quick bug	2
fix rtree	2
‰øÆÊîπÈ¢ÑÊµãbug	2
‰øÆÊ≠£È¢ÑÊµãbug	2
Bytes fix	2
- Bug fix	2
reply fix	2
fix :(	2
conf fix	2
Oh my fix	2
mcmc fix	2
fixed ,	2
Fix This	2
tmp debug	2
fix prod	2
fix heap	2
debug 2.0	2
Fix fb	2
fix hl	2
paths fix	2
%s typeo	2
Ioana fix	2
tc issues	2
:bug: sry	2
fix arena	2
Bag fix	2
fix dosed	2
smal lfix	2
Fix TYA	2
fix sbc	2
fix 'if'	2
Fix #295	2
gtk2:fix	2
Add types	2
139 fix	2
fix13	2
fix16	2
fix19	2
fix21	2
Nit-fix.	2
\fix	2
Fix #99	2
cnn fix	2
Key fix	2
Fix CMD	2
Fix algo	2
Fix wac	2
o ‚Äî bug	2
ban fix	2
Fix !	2
lm bugfix	2
chtibug	2
bugger...	2
Fix BFLIM	2
Fix GETs	2
glob fix	2
fix dense	2
debug6	2
fixed try	2
fix task1	2
Fix utils	2
fix quad	2
sbt fix	2
bug‰øÆÂ§çÔºõ	2
fix xl	2
fix ngu 2	2
issue #2	2
timebug	2
fix pydoc	2
Fixed #5	2
fix ykfk	2
Fix loss	2
Voice fix	2
bugo fixo	2
Buggy	2
FIX: #6	2
FIX:	2
Fix #140	2
Fix #139	2
fix fee	2
Z*Z error	2
Fix LP: 4	2
doc: fix	2
bug: fix	2
Flake fix	2
ctype	2
!fixup	2
Fix Fix.	2
Fix flag.	2
Fix #115.	2
Fix #100	2
best fix	2
Fixes #88	2
Fix NULLs	2
configfix	2
fix Bug	2
showerror	2
top_n fix	2
lcsr fix	2
bench fix	2
Dep fixed	2
fix ep..	2
RC fixes	2
fix , %	2
rc fix	2
fix null	2
var type	2
flaw	2
fix '-d'	2
0.2.2 fix	2
fix scp	2
Fix #301	2
fix #485	2
error rm	2
kp fix	2
path bug.	2
fixyfix	2
fixed #8	2
True bug	2
fix gpio	2
hotfix 0	2
fix #2446	2
fix #346	2
float bug	2
woody fix	2
fix cacg	2
doc fix.	2
fix nidm	2
fix songs	2
bugfi	2
ip fixed	2
DB fix	2
fixes #79	2
fix vgg16	2
bugs test	2
Elem fix	2
fix ujson	2
fix TSDef	2
fix rg	2
Fix fix.	2
Fix hound	2
max=0 fix	2
fix v	2
fix huxiu	2
bugdix	2
fix-addr	2
Fix smash	2
fix RSI	2
fix STOCH	2
fix ROC	2
MIME fix	2
Fix #15.	2
CORS Fix	2
fixed lda	2
Fix fire	2
‰øÆÂ§ç‰∫Ü‰∏Ä‰∏™bug	2
fixing m	2
Fix redis	2
Fix acme	2
'fix bug'	2
fixed ssh	2
ajax fix	2
fix iAdv	2
fix tips	2
fix nzo	2
ref fixed	2
dim debug	2
fix: logs	2
fix:name	2
ib bug	2
fix GET	2
fix epoch	2
Fixed 18	2
Fix tz	2
fix truex	2
fix - url	2
fIxEd	2
date fix.	2
type cast	2
debug :/	2
fix lefty	2
write fix	2
avoid bug	2
bugbug	2
Fix test;	2
Fix led	2
fix ret	2
auto type	2
asset fix	2
Fixed #4	2
Hot-fix.	2
debug env	2
fix heal	2
fix ÂäπÊûúÁØÑÂõ≤	2
sillyfix	2
q fix	2
ip fix.	2
FIXED :)	2
fixed =.=	2
New error	2
* fix url	2
s/op/type	2
fix rule	2
nak fix	2
Fixed #38	2
HOTFix	2
Fixes Url	2
Fixing pi	2
'fixed'	2
Fixed toj	2
fix N	2
fixbet	2
fix /	2
fix /temp	2
Test bug	2
fix smesh	2
fix bm_in	2
humbug	2
...fixed	2
fixies	2
ui bug	2
fix nick	2
Bufg fix	2
getX fix	2
Fixed p3c	2
fix POST	2
bug lol	2
fixed tts	2
blob fix	2
a wee fix	2
fix erorr	2
Fix URI	2
fix wake	2
fix buG	2
[fix]ln9	2
gpx fix 2	2
bug fiz	2
fix click	2
Mail fix	2
`if` fix	2
fix money	2
Video fix	2
ntot fix	2
maybefix	2
i fix id	2
fix webui	2
#fixes 26	2
fixes #16	2
pc fix	2
zmf2: fix	2
IMDb fix	2
fix eq	2
Fix phase	2
Fix ty√∂l.	2
IP fix	2
pack fix	2
less bugs	2
Fix cut.	2
fix bug ,	2
URL bug	2
ÊâãÊªëfix	2
fix entry	2
crbugfix	2
ÈÅó‰º†ÊñπÂºèÂ∞èbug	2
Fix cfi	2
Fix ss	2
SQL fix.	2
Fix GT	2
fix Z	2
fix dbg	2
fix: #14	2
Log debug	2
cudnn fix	2
loss fix	2
Fix anon	2
fix exec_	2
push fix	2
fixed DH?	2
owner fix	2
fixed i+1	2
Fix \t	2
Fix #127.	2
fix bigs	2
debug sw	2
Fixed cc2	2
fixurl	2
ÂèàÊñ∞Â¢û‰∫ÜÂæàÂ§öbug	2
fix biGRU	2
fixcrash	2
Fix HTML	2
fix seed	2
debug2.2	2
debug 3.2	2
fixed h5?	2
fix: Ê≥®Èáä	2
Fix pml	2
Fix web	2
fixing CI	2
Fixes #99	2
fixed ip	2
Fixes #37	2
fix q	2
fix match	2
alex fix	2
duel fix	2
2.5 fix	2
fixed /	2
fix q1.8	2
Var fix	2
fix 097	2
fix Ta	2
Êõ¥Êñ∞Ôºö‰øÆÂ§çbug	2
Fix ticks	2
Fix ratio	2
fix path~	2
error-id	2
fixed ADD	2
fix pins	2
bug solve	2
fix coma	2
fix 2018	2
fixed inf	2
fixing ip	2
Gpu fix	2
fix impor	2
fix 2to3	2
sess fix	2
fixed fuc	2
Fix whois	2
c fix	2
Fix #	2
- Bug.	2
fixed U	2
fix opts	2
debug F	2
lines bug	2
fuck bug	2
GApps fix	2
fix ettei	2
buuugfix	2
lux fix	2
Fixed rst	2
‰øÆÊîπ‰∏Ä‰∏™Â∞èbug	2
Fix core.	2
Ëß£ÂÜ≥‰∫Ü‰∏Ä‰∏™bug	2
fix gh-27	2
fix fetch	2
lstm fix	2
bug !	2
Fix k8s	2
fix moh	2
Dict fix	2
fix defs	2
Debug 3	2
run bugs	2
coord fix	2
FPS issue	2
del debug	2
'fix_bug'	2
localfix	2
fix vimcn	2
fix gim	2
4/5 fix	2
p error	2
shlex bug	2
Fix lang	2
fix rgb	2
3.5 fix	2
FIX model	2
tiemr bug	2
BUG01	2
fix PS1	2
fixing UT	2
fixed UTs	2
fix UT-1	2
Any fix	2
fix ans	2
fixed env	2
fix pareo	2
vs30 fix	2
[fix] url	2
fix #472	2
fix texto	2
Fix prev	2
bug Fix	2
fix tie	2
LE fix	2
debug Ï∂îÍ∞Ä	2
Fix

fix	2
23 errors	2
fix YUI	2
Fix #51	2
MInor Fix	2
error 2	2
fix duong	2
FIXS	2
Fixed TB	2
Fix T0	2
lp14 fix	2
fixes 2G	2
fix maxdd	2
Time fix	2
bug :D	2
Bug fix!!	2
Bugfix #3	2
api bug	2
fix myr	2
req fix 2	2
req fix 6	2
req fix 7	2
db fix 28	2
db fix 32	2
tine fix	2
eggs fix	2
!raid fix	2
CR fixes	2
hooks fix	2
fixed cr	2
cr fix	2
LP fix	2
fix_ovs	2
RMS fixed	2
Fix #4263	2
Fix #4123	2
Type 2	2
fix lenet	2
Fix stft	2
fix relu	2
Fix dim	2
fixed eig	2
fix frame	2
fix voe	2
Fixed op	2
fix u1	2
fix ciao	2
fix hints	2
Fix tqq	2
fix sales	2
fixed uri	2
debug11	2
bugfixes;	2
fix 209	2
gfal fix	2
fix pgrp	2
cosm fix	2
Bug fix'd	2
amqp fix	2
fix mixin	2
vpc - fix	2
fixed RSC	2
fix 14	2
Bugs.	2
bugs.	2
Fix #1851	2
bug!!	2
fixur	2
FIX POVEY	2
Fix Code	2
fixed gps	2
:art: Fix	2
pro r fix	2
Fix pming	2
ADd fix	2
Fix eleID	2
FIXED BUG	2
FIX rfix	2
Smoke fix	2
fix AA	2
Fix file.	2
Smol fix	2
fix link.	2
> fix	2
lil' fix	2
fix emote	2
fix fib	2
pyopt fix	2
62 fixed	2
fix kl	2
Fix #247	2
checkfix	2
bug pass	2
fix isdir	2
Fixed GPR	2
few fix	2
fix macos	2
fixing PR	2
DIIS bug.	2
Fix adc	2
doid bug	2
FIX SHIT	2
bug1	2
names fix	2
fixed age	2
Fix EC	2
debug db	2
fix 7	2
fix 10	2
fix 23	2
fix 26	2
fix 27	2
tags: fix	2
fix --gpu	2
bug down	2
fix _id	2
fix dot	2
Fixes 1	2
fixn bug	2
fix 2q	2
Fixed #48	2
stbug	2
Fix auth.	2
Count fix	2
2to3 fix	2
Added fix	2
UTC fix	2
bool fix	2
fix-link	2
BUG ‰∏ÄÊûö	2
Fix #derp	2
c/p fix	2
ci: fix	2
Fixes: #5	2
Fix UNION	2
Bug on z	2
sp fix	2
Moar fix!	2
fix: plot	2
fix #502	2
Hotfix 1	2
Fix pdf	2
Fix pdf_2	2
Fix day	2
wiki fix	2
Fix utf-8	2
Fix czech	2
Set DEBUG	2
debug - %	2
Debug GA	2
Debug SHA	2
debug pic	2
Debug 'O'	2
Trade fix	2
bugfix +1	2
ÈªòËÆ§ÂÖ≥Èó≠debug	2
ÈÉ®ÂàÜbugÂæÖ‰øÆÂ§ç	2
FIX dhcp	2
Fix emoji	2
Fix #331.	2
fix every	2
fix DBDoc	2
Fix help.	2
Bigfix	2
fix #17 .	2
Fixed OSX	2
fix !kick	2
fix 60/3	2
fix haKey	2
fix #72	2
fix #124	2
fix #166	2
fix #862	2
fix #868	2
fix:)	2
type->is	2
fix memo	2
fix_api	2
fix bug .	2
d.error	2
Error.	2
Fixed KL	2
Color bug	2
UUID fix	2
[FIX] 2	2
[FIX] ok	2
Fix Slice	2
Fix Sap.	2
hotfix.	2
htofix	2
fix opt	2
dose bugs	2
Fix added	2
Bias fix.	2
error ÏàòÏ†ï	2
debug ÏµúÏ¢Ö	2
debug ÏµúÏ¢Ö2	2
debug ÏµúÏ¢Ö3	2
fix those	2
Sort bug	2
Year bug	2
Scale fix	2
xlsx fix	2
bdf fix	2
MISTAKES	2
error30	2
fix #207	2
fixing II	2
fix utf	2
4 debug	2
fix mux2	2
Fix teste	2
FIx: oops	2
fix photo	2
fixed 01	2
Fix #440	2
Fix #474	2
rec fix	2
fix 2014	2
Fix 3dot.	2
fix boog	2
Fixed ref	2
fixed set	2
fix #190	2
‰øÆÊîπ‰∫ÜÈÉ®ÂàÜbug	2
fix pil	2
fix #144	2
fix lrn	2
inf debug	2
fix urls?	2
Fix util	2
Fix NAs	2
fix bug#2	2
Bugfixes!	2
hotfix sr	2
bug ‰øÆÂ§ç.	2
ORF fix	2
fix #152	2
fixing NI	2
unit fix	2
azr2 fix	2
data: fix	2
port bug	2
lolerror	2
Fix fake8	2
2fa fix	2
fix ypo	2
delay fix	2
hotfix4	2
fixed Y	2
--prefix	2
fix6	2
fix solve	2
Fix 1:cas	2
fix creds	2
fixpref	2
fix rrd	2
tissues	2
Fix 8	2
Fix 9	2
stem fix	2
Fix wat	2
fixed #9	2
fix !2	2
lazy fix	2
fix #633	2
fix -f	2
fix trial	2
fix spel	2
fix Ë™§Â≠óË®ÇÊ≠£	2
nasty fix	2
'bug'	2
fix equip	2
Bug-fix.	2
png fix	2
show fix	2
Opps fix	2
fixed ok	2
bug axes2	2
fixe cred	2
fixed #17	2
Fix #18	2
cc fix	2
fixed get	2
fix #32	2
Type type	2
smptefix	2
Fiz a bug	2
del fix	2
Crass bug	2
Fixes #5	2
fix set	2
let fix	2
fixit	2
fixed run	2
fix cats	2
bugfixxx	2
xbee bug	2
login bug	2
UT Issues	2
Fix iso	2
Fix #38	2
ÂæÆË∞É‰∏Ä‰∏™Â∞èbug	2
Fix ytd	2
bug SQL	2
sql bug	2
bug cor	2
bug self	2
Crash bug	2
Fixes #36	2
Fixes #34	2
Fixes #85	2
Fix ##	2
calc fix	2
fix gel	2
fix geo	2
rg bug	2
state fix	2
fix %	2
black fix	2
fix numpy	2
fix twine	2
bughunt2	2
fix root	2
UWP fixes	2
new error	2
Fix #287	2
fix coef	2
fix adv	2
fixed tty	2
Maybe fix	2
Fixes #81	2
fix #964	2
Fixed 2.7	2
bugqqq	2
fix TITLE	2
smaal fix	2
basin fix	2
Error msg	2
Fix Repo	2
fix nargs	2
fix I18N	2
fix mWmin	2
fix tc	2
Fix erroe	2
fix 10um	2
Debug web	2
‰øÆÊ≠£‰∏ÄÁÇπbug	2
bug  fix	2
fix With	2
tk fix	2
cross fix	2
fix ino	2
fix F_CPU	2
fixerooni	2
fix min	2
PSF fix	2
K fix	2
fixup.	2
Fixed str	2
Fixed IP	2
sms fix	2
fix vis	2
rm a bug	2
Major bug	2
Fix Time	2
g fix	2
fixed yi	2
fix push:	2
fixed gs	2
fixed rgb	2
Size fix	2
knn fix	2
error box	2
Fix sql	2
fix :D	2
1error	2
mini FIX	2
Fix ,	2
Fix bots	2
TW fix	2
‰øÆÂ§çÁΩëÂùÄbug	2
Fix #1715	2
Bugs!	2
ppt fix	2
defect 23	2
defect 25	2
Sync fix	2
Hero fix	2
fix item	2
Bux fix	2
fix part2	2
FIX setup	2
LEFIX	2
fix Isort	2
* Fix dls	2
use DEBUG	2
bug 69254	2
Fix prec	2
/ debug	2
fixes #50	2
fix tp1	2
hotfix t	2
Fix GPS	2
wrong fix	2
Bugfix;	2
‰øÆÂ§çËΩØ‰ª∂bug	2
ncols fix	2
fix cdn	2
feat fix	2
C/P error	2
fix multi	2
log.error	2
hsr bug.	2
fix srv4	2
fixin'	2
debuggo	2
Fix map.	2
Bug fisx.	2
fixes OSX	2
fixup;	2
fix IOB	2
Fix intro	2
fix tweak	2
issue #68	2
Big fix	2
T6: Fixed	2
Fix #29	2
Fix #45	2
Fix #90	2
Lift fix	2
Fix #13	2
Fix of	2
fix .lan	2
OSError	2
Fix code.	2
Close fix	2
fix algo	2
Fix%	2
MISTAKE	2
fix sett	2
Fixed csp	2
plgal fix	2
bagfix	2
Fix outpu	2
Fix gcs	2
ATS fix	2
any fixed	2
fix „Éë„Çπ„ÅÆ‰øÆÊ≠£	2
mis-type	2
fix RMSE	2
Fix de -	2
Fix SMS	2
fix DEBUG	2
fix ji	2
fix exc	2
fix 266	2
fix 307	2
fix 215	2
Fix Views	2
fix qiime	2
edit fix	2
fix - img	2
Fix #118	2
doc-fix	2
fix barb	2
#fix mock	2
phy fix	2
fix svm	2
more bug	2
fix disco	2
Fix eror	2
fix ptp	2
fix clash	2
bugsy	2
idx error	2
fixed: Êó∂Â∑Æ	2
fix „Çπ„Éö„É´„Éü„Çπ	2
Fix shit	2
debug bug	2
T_x fix	2
Fix aux.	2
‰øÆÂ§çÈÄªËæëbug	2
'Êîπ‰∫Ü‰∏Ä‰∫õbug'	2
Fixed up.	2
fixes bad	2
fix nd	2
Fixed bcc	2
fix usu	2
had a bug	2
‰øÆÊîπ‰∫Ü‰∏™BUG	2
Êîπ‰∫Ü‰∏Ä‰∏™BUG	2
‰øÆÊîπ‰∫Ü‰∏Ä‰∏™BUG	2
tb bug	2
pip fixes	2
Mysql fix	2
ok fixed	2
crt fix	2
db fixes	2
bug y	2
CRS fix	2
fix intis	2
fixTests	2
fix way	2
fix(set):	2
Label fix	2
fixed tab	2
fix 5	2
snipe fix	2
Fix drmaa	2
fixed1	2
‰∏Ä‰∏™Â¥©Ê∫Ébug	2
Fix mc	2
fix #84	2
Power fix	2
fix in td	2
Bkack fix	2
Fixed tag	2
fix push	2
Fix Mypy.	2
bug >>2	2
bot fix	2
debug'	2
* bug	2
Fix (c).	2
fix font	2
FIX smtp	2
fix where	2
idiot fix	2
Fixed if	2
saver fix	2
Fix plot.	2
fixed it!	2
Fixes ?	2
Fix #101	2
fix margs	2
fix depth	2
clientfix	2
PIN fix	2
fix brick	2
Fix lies	2
Fixed ROC	2
Fix lock	2
Fix vars	2
css fixes	2
Hotfix 3	2
Áî®Êà∑ÁöÑËØ¶ÊÉÖÈ°µbug	2
ËØ≠Ê≥ïbug	2
drug fix	2
Http fix	2
fixed old	2
fix nex	2
fixtures	2
Len fix	2
Await fix	2
404fix	2
fork fix	2
fix immu	2
testdebug	2
id_fix	2
fix day12	2
plot_fix	2
UX fix	2
fixpath	2
pep fixes	2
fox fix	2
Wild fix	2
fix #995	2
fix #1868	2
fix #1645	2
fix #2711	2
fix #1628	2
debug XL	2
fix _Abcd	2
Mergefix.	2
fix dns	2
fix: B301	2
Fix dot	2
fix loi	2
mo fix	2
type date	2
base fix	2
fix mesos	2
fix cid	2
fix out	2
‰øÆÂ§ç‰∏ÄÂ§Ñbug	2
WSGI fix	2
4th fix	2
Fix ZERO	2
slice fix	2
try a fix	2
Fix weeks	2
prefixes	2
fix show	2
fix rcon	2
Fix titan	2
Fix qdoc	2
color bug	2
Fix if	2
Fix msys	2
fix web	2
fix v1 v2	2
fix++	2
fixture	2
no debug?	2
Bug fixee	2
Fix tabs	2
Scope fix	2
dumb type	2
m fixed	2
shit bug	2
Fix buidl	2
fix test?	2
Fix #6	2
fix gui?	2
media fix	2
fix 5m cq	2
Fix IO.	2
fix #knn	2
fix@fix	2
ÂÖ≥Èó≠ debug	2
fixedprod	2
TCCON fix	2
Fix hoba	2
namingFix	2
neck fix	2
Fixed id	2
pin fix	2
Fix match	2
issue #1	2
Set type	2
Fix deps.	2
fix: Log	2
ÂàÜÈ°µbug	2
app fix	2
fix let	2
fix but	2
bugfix FC	2
fixed idf	2
Fix ok	2
error„Çí‰øÆÊ≠£	2
fix 3.2.6	2
fix chgrp	2
Test fix2	2
fixes fs	2
r default	2
Fixed 500	2
kcv fix	2
minir fix	2
fix DMENU	2
NO BUGS	2
label bug	2
Fixed get	2
posix bug	2
[FIX].	2
fix ex	2
fix uv	2
[!] fix	2
dtype=int	2
‰øÆÂ§ç Êõ¥Êñ∞bug	2
FIX JOB	2
Table fix	2
moredebug	2
fix dmg	2
oca fix	2
fix sself	2
fix refs	2
fix visit	2
Text fixs	2
debug++	2
‰øÆÂ§ç‰∏Ä‰∏™Â∞èbug;	2
fix GT	2
gram fix	2
Fixes x2	2
Fix await	2
FIXING	2
fix binop	2
fix coach	2
fix 17	2
fix p22	2
to debug	2
mnist fix	2
fix11	2
fix 11	2
fix 21	2
11 fix	2
bughunt	2
Fix1	2
Fix embed	2
fix word.	2
SmallFix	2
fix ars	2
fix loss.	2
fix acgan	2
Noise fix	2
bug menu	2
pesky bug	2
fix dash	2
cat type	2
fix reg	2
The fix.	2
Solve bug	2
fix send?	2
MacOS fix	2
fix bug¬£	2
Hook fix	2
some FIX	2
Quota fix	2
fixed rpc	2
fix ebags	2
fix stash	2
fix 0.2	2
epoll fix	2
Fix list.	2
Error 4	2
Error 6	2
Error 7	2
fix #133	2
fix grpc	2
fix annoy	2
fix lock	2
notes fix	2
Fix Math	2
v2.1 bug2	2
rec fixed	2
Fic bug	2
fixess	2
ipair bug	2
fix art	2
odd bug	2
bugfixd	2
3c debug	2
Debug?	2
fixed led	2
Bugfix 3	2
fix mir	2
Fix {}	2
floatfix~	2
dice fix	2
bug chats	2
FIX bug.	2
fix1020-1	2
Fixes 500	2
typez	2
Fix self	2
Fix:Minor	2
Fix  #62	2
tay's bug	2
jobfix	2
fix-iddd	2
bit fixes	2
Fix d'url	2
Bugi.	2
mqtt fix	2
fix 403	2
Fix load	2
Bugfix m2	2
fix pool	2
peaks fix	2
mixfix	2
bug in CI	2
fixededed	2
Tavis fix	2
bug :-|	2
Rahu: fix	2
tinny bug	2
entry fix	2
Fix 652dd	2
Fixup!	2
bspde fix	2
stat fix	2
s3 fix	2
Fix tets	2
ufix	2
NaN Fix	2
A bug	2
fix@	2
hotfix 1	2
Fix hours	2
Fix tupo.	2
fix2 L2c	2
fix4 L2D	2
fix L3	2
lib debug	2
fix BIT	2
fix:path	2
fix lgtm	2
Moar fix	2
Fix path?	2
fix bcp	2
pls fix	2
chmod fix	2
api-2 fix	2
NPE fix	2
fix clip	2
fix rp	2
issue #9	2
fix BUG	2
group fix	2
fix_arch	2
fix now?	2
fix wc.py	2
fix topk	2
fixed az	2
fix ic	2
teeny bug	2
Issue 9	2
Fix #492	2
Fix #157	2
Fix im	2
Fix #77	2
Fix years	2
Few Fixes	2
fixed typ	2
bugfix -	2
Fix XSS	2
Fix key.	2
fix stat	2
Fixmeeeee	2
issue #12	2
posrt fix	2
fix attr	2
aws debug	2
bug fixup	2
fix #40	2
hotfix 3	2
fix mocks	2
fixed KE	2
fix png	2
fixshrek	2
fixshrek7	2
fix hflip	2
fig bugs	2
fix coub	2
bux fixed	2
Fix dn	2
bug fiix	2
fix plus	2
fix sm 05	2
35 issue	2
Fixes #41	2
row fix	2
rem debug	2
log-fixes	2
fix eth0	2
debug av	2
-types	2
TransType	2
dir issue	2
fix mac	2
fixed eol	2
fix gg	2
Fix amp	2
hour fix	2
fix uuid4	2
fixa	2
datofix	2
fix igjen	2
fixes...	2
fixed ref	2
noise fix	2
Demobug	2
fix voice	2
bth: fix	2
fix data	2
Fix 500	2
‰øÆÂ§çAPI bug	2
‰øÆÂ§ç‰∏çËÉΩËá™ÂêØbug	2
Py 3 fix	2
Fix //	2
fixtls	2
Fixed RNN	2
fix ioc	2
urlbug	2
Fix ping.	2
FIX. C1	2
fix:test	2
fixed son	2
fix _POST	2
fix:ÊåáÊòéÂçèËÆÆ	2
fix:.	2
bugfixe	2
Fixed mod	2
Fix rule.	2
t->type	2
test bugs	2
fix aae	2
fix c0123	2
brief bug	2
npe fix	2
head fix	2
fix map()	2
fix geoip	2
calls fix	2
hotfix1	2
count fix	2
input bug	2
fix ser	2
fix smbc	2
Fix wte	2
Apps fix	2
Hal's fix	2
snall fix	2
Fix save	2
fix form.	2
key fix 2	2
fixwtf	2
bug price	2
fixed res	2
fix idx	2
Put fix	2
fix vvec	2
fixed E	2
fix exp	2
Êîπdebug	2
Print Bug	2
Fix wipe	2
fixed del	2
Fix sex	2
fix 172	2
Fix input	2
lady bug	2
big fixed	2
Fixed We	2
default=1	2
lol fix#2	2
wish bug	2
Pixie fix	2
Debt fix	2
Bfort fix	2
Bug Alarm	2
error„ÅÆ‰øÆÊ≠£	2
fix test1	2
Fix units	2
 debug	2
5pm fix	2
Êõ¥Êñ∞bug	2
fix sess	2
desc fix	2
small_bug	2
somefix	2
fix rpc	2
say fix	2
fix walls	2
Sound Fix	2
Hover fix	2
fix abv	2
fix ql	2
args type	2
fix logz	2
splitfix	2
ÂçáÁ∫ßÁöÑbug	2
Oppo fix	2
typees	2
fix BAM	2
ra fix	2
fix auxv	2
fix anova	2
fix dist	2
fix sie	2
fixed csv	2
fix sqs	2
error.	2
usertype	2
qstat fix	2
fix tqdm	2
fix T	2
Fix #4771	2
fixed idx	2
fixed #	2
Sp error	2
use debug	2
fix func	2
User fix	2
default 1	2
fix $bags	2
fix fen	2
latex fix	2
utest_fix	2
fix po	2
bug fic	2
Fix load.	2
Fixed ini	2
FIx goof	2
Fix Date	2
LED fix	2
bug bump	2
fix dedx	2
tc bugfix	2
Win fix.	2
fix bleu	2
fix YMPE	2
fixed IP	2
fix 6	2
bug:	2
Keys fix.	2
Fix SPEA2	2
Try fix.	2
mistyped	2
Fix wsgi.	2
fix prog	2
hot fixes	2
Fixes sig	2
fix ident	2
Fix vault	2
skip fix	2
3rd fix	2
fixed m	2
Fix stack	2
Fix msgid	2
Fix (sic)	2
map fix	2
BugFix :D	2
fix aws	2
fix t9	2
conn fix	2
fix traj	2
Fix line.	2
Hotfix3	2
dps fixed	2
Bugfix II	2
smale fix	2
Tree fix	2
Fix: test	2
Fix ramp	2
Fix port.	2
‰øÆÊ≠£BUG	2
unfix	2
fix time2	2
fix time4	2
fix time5	2
fix time6	2
fix time7	2
fix time8	2
fix tstr	2
fix t.opB	2
MC Fix	2
1 fix bug	2
ReST fix.	2
Type bugs	2
fix iupac	2
fixed #15	2
bug fized	2
Fixed Goa	2
tokes fix	2
Bug menu	2
Fix slot	2
Fix test¬≤	2
Gamma fix	2
fix steps	2
Fix case.	2
Fix conf	2
fixed ttl	2
fix #249	2
fix tf	2
tf fix	2
mod fixer	2
+fork fix	2
‰øÆÂ§çÈîÄÈáèbug	2
fix es	2
Fix theme	2
Fixie	2
Fix reqs?	2
name_fix	2
Fixed2	2
tspec fix	2
Dep fix	2
fix noise	2
fxied bug	2
fix MPID	2
fix arm	2
fab fix	2
quickfix3	2
fix IPO	2
DB bug	2
bugfix5	2
calc bug?	2
knn fixed	2
erro fix	2
fix doot	2
buggy?	2
bin fix	2
Fix #959	2
Fix #933	2
Fixed API	2
bug cargo	2
lil bug3	2
bug 12	2
world fix	2
1. ‰øÆÊîπbug	2
error...	2
fix 3.3	2
fix then	2
Next fix‚Ä¶	2
fixed cp	2
fix CMSSW	2
fix bbh	2
fixed fv	2
Fix stuff	2
scan bug	2
fix CDATA	2
fix doall	2
Fixed #11	2
fix icons	2
++ bugfix	2
fix plz	2
Issue-29	2
fixed @	2
items fix	2
fix faces	2
Fix SDK	2
debug day	2
typehint	2
Fix hook	2
e621 fix	2
fix spacy	2
ha fix	2
graph bug	2
Fix Bugs	2
Fix #kick	2
Fixed m	2
Fix ips	2
2nd fix	2
fixed #43	2
Fix focal	2
ÂèàÊºè‰∫Ü‰∏™bug	2
derp bug	2
fix psa	2
fix c9	2
Test fixe	2
telah fix	2
Fix steps	2
Fix Step	2
fix pms	2
fix repl	2
fix zwsp	2
fix dload	2
fix subs	2
Fix info	2
hotfix?	2
Fixes 364	2
fix 30006	2
http fix	2
fix catid	2
keyfix	2
Fix .md	2
Fixed ''	2
fix lumi	2
fixed qc	2
typeerror	2
fix #705	2
fix dates	2
Fix en IF	2
Fix: sign	2
Debug =0	2
fix #307	2
fix #306	2
fixes #39	2
SMall fix	2
iso fix	2
fix blob	2
Derp fix	2
fix patch	2
Fix jinja	2
smallfix.	2
fix lvl1	2
Fix PIPE	2
pps fix	2
Fixed FOM	2
Errors?	2
reall fix	2
ReLU Fix	2
Fix -ylim	2
md fix	2
fix iops	2
sign bug	2
osrm fix	2
fixes ES	2
level fix	2
mode fix	2
Extra fix	2
fix trans	2
‰øÆÂ§çËß£Êûê‰ªªÂä°bug	2
Fix files	2
mpfixes	2
bug+1	2
error wht	2
x bug	2
debug arg	2
Fix axes	2
aa fix	2
fix ACTAT	2
Fix take.	2
bug.....	2
pk error	2
fix222	2
butfix	2
old bug?	2
hotfixV2	2
Fix DUD-e	2
fix kube	2
fixed bet	2
cast type	2
Fix spec	2
fix fudge	2
fix CA	2
fixed rm	2
Fix Token	2
bugfix4	2
‰øÆÂ§ç-lÂèÇÊï∞bug	2
links fix	2
tab fix	2
fix cv2	2
fix: e	2
fixes 2.0	2
Fix get()	2
Fix HTTPS	2
value-fix	2
asn fix	2
uint8 bug	2
Fix task	2
ui fixes	2
Fix CI.	2
Fix tspan	2
fix mae	2
Fix GUI	2
Fix DOI	2
fix_csv	2
Debug 8	2
Debug 16	2
Debug 1	2
DEBUGGERY	2
Fixed g++	2
shape bug	2
get_dtype	2
Fix @{}	2
fix ndim	2
fix lagA	2
Fixed URI	2
fix niter	2
euler fix	2
nan fix	2
fix lshwp	2
DZ Fix	2
hack fix	2
fix 49	2
Fix bugs3	2
Fix ryona	2
Fix #4	2
‰øÆÊîπÊµãËØïÁî®‰æãbug	2
fix myip	2
df fix	2
fix?????	2
fix norm	2
fix cpl	2
debug 17	2
debug 19	2
Fix 7rus1	2
Fix saver	2
  - fixes	2
watch fix	2
fixed ha	2
frame fix	2
2 fixing	2
fix pong	2
Linux fix	2
fix:taddr	2
fix etree	2
Mem fix	2
bug ifx	2
1 bug fix	2
fix Setup	2
alias fix	2
not fix	2
/doc fix	2
Fix 'len'	2
textfix	2
fix stamp	2
info fix	2
() fix	2
fix ndx	2
fix addr	2
rdma fix	2
%s fix	2
pid fix	2
cpu type	2
fix uuid	2
Fiksa bug	2
fixed ÊâìÂç∞	2
fix int()	2
w bug fix	2
fix tells	2
Break fix	2
abort bug	2
train bug	2
auth fix	2
Fix URLS	2
fix:minor	2
Fix flag	2
Hosts fix	2
10555 fix	2
tpm fix	2
enjoy fix	2
fix trpo	2
fix iter.	2
Fix CLI	2
Port fix	2
hotfixx	2
IDs fix.	2
Fixed typ	2
Fix month	2
fix: deps	2
Fix reorg	2
Fix goof.	2
„Öé fix	2
Fix regec	2
fix dumb	2
fix fixup	2
typeint	2
Smal fix	2
bool bug	2
ones fix	2
fix cost	2
fix cost3	2
hb error	2
fix zip	2
fix weird	2
fix peek	2
cpp fix	2
Fixed api	2
fix rip	2
fix FK	2
job fix	2
Hotfixing	2
Buxfix	2
Fix dummy	2
proxytype	2
Fix now()	2
fix-3	2
dtypes	2
fix bow	2
+ fixes	2
pi debug.	2
fix fn	2
Debug1	2
scale bug	2
send type	2
fix)	2
key fixed	2
fix weli	2
fix hawk	2
fix cc	2
fix jannu	2
fixing dj	2
abs error	2
[Fix]„ÄÇ„ÄÇ„ÄÇ	2
[Fix]user	2
Fix JSON.	2
ver fix	2
Tiny Fix.	2
fix de id	2
fix ap	2
fix wc	2
%v bug	2
bugfixs	2
bugfixes.	2
`/` fix	2
Range fix	2
ftfy fix	2
WIP fix 3	2
fix gn2	2
debug?	2
fixed bib	2
fix typho	2
fix texts	2
fix int32	2
fix USA	2
Fix aplay	2
- bugs	2
fix üêõ	2
chunk fix	2
Fix typto	2
fix tune	2
flask fix	2
Ëøô‰πüÁÆóbug?	2
Fix LtE	2
Fixed pop	2
Min fix	2
GUI fix	2
fix cms	2
fix tmp	2
Fix err	2
fix ref/	2
fix days	2
Code fix.	2
summe fix	2
Fix Key	2
Fix su.	2
fix_tests	2
#Bug!	2
#Fix	2
cnp bug	2
[fix]Èü≥Ë≥™ÊîπÂñÑ	2
[fix]pop(	2
[fix]path	2
Fix Cap	2
Fix 8ball	2
Fix bis	2
fix / 0	2
fail fix	2
fix:Nan-	2
ÊùÉÈôêfix	2
fixed #21	2
sb fix	2
Fix ports	2
make bug	2
Fixing..	2
fix_links	2
bug cast	2
Fix hash	2
Fix it!	2
mod type	2
func fix	2
fixed hux	2
Fix mongo	2
fix btn	2
Bad fix.	2
nIter fix	2
fix unban	2
fix lag	2
fix scav	2
fix nvolt	2
eere fix	2
page fix	2
fix langs	2
debuggy	2
 * Fix	2
* Fix	2
And a fix	2
file fix	2
Stat fix	2
‰øÆÊ≠£‰∏ÄÂ§ÑBUG	2
fix slots	2
fix CS	2
fix chdir	2
fix: m	2
fix ratio	2
plug bug	2
‰øÆÂ§çÂêØÂä®bug	2
fixure	2
dt fixed	2
fix dirs	2
mstat bug	2
Misc. fix	2
fixthefix	2
+ Bug fix	2
Fix bugz	2
‰øÆÂ§çbUG	2
Fix BUG	2
Fix mfcc	2
urlfix	2
fix gangl	2
fix-bugs	2
404 error	2
fix teste	2
Fix DOGs	2
Plot fix	2
ci:fix	2
MinorFix	2
adam fix	2
fixËØ≠Ê≥ïÈîôËØØ	2
bill fix	2
Fix: type	2
Fix spwan	2
fix_media	2
argtype	2
PMF bug	2
bug setup	2
sync fix	2
minibug	2
n+1 error	2
web fixes	2
UTF8 fix?	2
A bugfix!	2
Fix (:	2
YOLO fix.	2
iFixi it	2
Fix #126	2
fix rsem	2
cap error	2
nex fix	2
fix pgd	2
Fix order	2
Fix trunk	2
fix sep	2
fix blink	2
Fix UNet	2
dumberror	2
easyfix	2
fix Âïä	2
Year fix	2
Fix Mod	2
Fix app	2
Fixed #67	2
Fix 1	2
Fix tar	2
** fix	2
Fix video	2
fuck bugs	2
Bug Fix.	2
str() fix	2
Fix #140.	2
Game Fix	2
error pay	2
fix --id	2
fix_cuda	2
hata fix	2
SimFix2	2
Fix ip	2
fix &amp;	2
fn fixes	2
bug found	2
Big fix.	2
go on fix	2
fixing ft	2
ai fix	2
some fix;	2
fix_lasy	2
Êë©ÁÇπdebug	2
janky fix	2
Fix calc	2
fix qt	2
Fix'd	2
fixstack	2
bug fixi	2
Fix #450	2
Fix #859	2
RTD fix.	2
Sytax fix	2
bug shift	2
Fix WIP	2
xml fixed	2
Xml fix	2
v4 fixed	2
fix 2.7	2
all fixed	2
fix a pb	2
ci: debug	2
fix yolo2	2
mask fix	2
Test type	2
uh bug	2
bug type	2
POST fix	2
fixing 30	2
fixed add	2
Fix slug	2
Fix..	2
Fix sync	2
Fixes #77	2
bug agan	2
fix div	2
on_error	2
fix food	2
fix #71	2
fix ls	2
fix upper	2
fix mse	2
‰øÆÂ§çÂÆâË£ÖÊó∂ÁöÑbug	2
tf: fix	2
debgugfix	2
tcfix1	2
fix Stop	2
fix cat	2
BUgfix	2
comma bug	2
offsetbug	2
mount fix	2
bug ÏÉÅÌô©Ïû¨ÌòÑ	2
debugÈÄâÈ°π‰øÆÂ§ç	2
‚à® fix	2
fix sarsa	2
I fix it	2
bug sacc	2
bugje	2
Fixed cfs	2
fixed clr	2
same bug	2
Port Fix	2
fix deal	2
fix house	2
Othe rbug	2
'fix dot'	2
'fix lt'	2
Fix HONK	2
Fix game	2
fix llaj	2
‰øÆÊîπBUG‚Äù	2
fix @@	2
fix argv.	2
eval bug	2
Oh fix	2
juche bug	2
fixed ep	2
fix tix	2
Ê∑ªÂä†debugÂèÇÊï∞	2
yine fix	2
arg type	2
Fix chdir	2
Fix esp	2
fix #2005	2
fix #1810	2
Fix Tyop	2
Freq fix	2
4od Fix	2
dum bugg	2
Id fix	2
sign fix	2
Fixes #28	2
[Fix]body	2
[Fix]ÁΩÆÊèõÊñáÂ≠ó	2
fix api:	2
short fix	2
fix ÈÄªËæëbug	2
Ëß£ÂÜ≥‰∏Ä‰∏™ÊòæÁ§∫bug	2
bug ffix	2
fix argvs	2
dance fix	2
fix ack	2
fix sw	2
Fix flow.	2
‰øÆÂ§çÂàõÂª∫‰∏ªÊú∫bug	2
[Bug fix]	2
fix ddg	2
+bugfix	2
call bug	2
type conv	2
Bugger.	2
defaults.	2
fix Ord	2
fg fix	2
grey bug	2
FIX bugs	2
fix algo.	2
Fix join.	2
Tox fix	2
add types	2
fix ydl	2
aws fix	2
argfix	2
paramfix	2
fix qoute	2
fix batlo	2
heisenbug	2
fixing.	2
dist fix	2
500 fix	2
fix h1	2
fix 9	2
NaN bug	2
‰øÆÊîπBUG	2
smv fix	2
FIX: docs	2
FIX: map	2
X-Art fix	2
Actor fix	2
fix glob	2
wsq error	2
bugfix 2?	2
fix #36	2
fix draw	2
afterfix	2
fix orm	2
fixmugi	2
big bug	2
Casefix	2
OSX fix?	2
fix AE7	2
‰øÆÂ§çÁ™óÂè£ÈÄªËæëbug	2
‰øÆÊîπËØ≠Âè•bug	2
FIx timer	2
fix Bird	2
Fix echo	2
nameFix	2
ffix	2
fix -q	2
cast fix	2
fix: sms	2
TB fix	2
j fix	2
fixed ppo	2
var error	2
*type	2
fixed ","	2
fix_mess	2
fix mess	2
viet bug	2
Eigen fix	2
Pydoc fix	2
datatype	2
Fix bug !	2
Fixed MT	2
Textfix	2
Fixes log	2
Fixin	2
Fix warn	2
Fix tb	2
Fix cron	2
Me fixes	2
xs Fix	2
fix0	2
fix EOF	2
SEO fix.	2
utf-8 bug	2
Fix seld	2
and fix	2
simca fix	2
fix mixup	2
fix c_dim	2
fix: lock	2
BUG‰Ω†Â•èÂáØ	2
fuck BUG	2
fix #4135	2
scp fix	2
bugfix¬ß	2
queue bug	2
Fix meme	2
Fix strip	2
fix MS LS	2
Image bug	2
fix gtlt	2
angle fix	2
Lab3 fix	2
years fix	2
fix bug?	2
fran fix	2
fix demon	2
Fix Image	2
dummy fix	2
gmae bug	2
bug :@	2
fix pair	2
Fix UUID	2
fix final	2
Call fix	2
lat fix	2
rocks fix	2
fix purge	2
gtfs fix	2
debug css	2
chown fix	2
fix NX	2
fix:fit	2
fix obj	2
fix gate	2
fix-U.cmd	2
- debug	2
user bugs	2
fix twd2	2
fix case.	2
fix pytz	2
[testfix]	2
"fix"	2
fix Error	2
errore	2
bugffix	2
PIL issue	2
Fix forms	2
fix files	2
fix12	2
fix8	2
bug_fixes	2
fix gpu.	2
nano-fix	2
Fix timer	2
fixed fib	2
fix bump	2
ÊîπÊ≠£Ê∫êÂú∞ÂùÄbug	2
small_fix	2
fix resp	2
bfixes	2
Bfix	2
Fix qeye	2
bug fix'	2
fixed URI	2
ilive fix	2
fixed BU	2
fix typy	2
debug x3	2
Fix FOC	2
Debug log	2
debug 5	2
np bugs	2
Fixed db	2
fbmq fix	2
no errors	2
fix balls	2
emoji fix	2
VAT fix	2
/st fix	2
TypeO	2
fix:sort	2
bz2 bug	2
close bug	2
local fix	2
fix sound	2
fix PATH	2
Fix PNG	2
end fix	2
lock fix	2
owfs fix	2
Add fix?	2
not debug	2
List fix	2
fix tisku	2
fix nav	2
Fixup :-(	2
Fix rooms	2
url fixes	2
fixette	2
bash4 fix	2
fix(#1)	2
Fix me	2
log fixes	2
cors fix	2
RIP debug	2
jieqi bug	2
Super fix	2
fix ohta	2
FIXED?	2
De bug?	2
[Fix] bug	2
smoll bug	2
fix-cap	2
gelu bug	2
MSE bug	2
dense bug	2
empty bug	2
rc bug	2
seg bug	2
fix #355	2
fix ports	2
rule fix	2
fix args.	2
fix dumps	2
(Bugfix)	2
fix Usage	2
fix 94	2
MyPy fix	2
Fixed kw	2
fix sth	2
fixed txt	2
p3-fixes	2
p3-fix	2
fix bitly	2
fix sheet	2
fix isdev	2
dump fix	2
fix(tags)	2
rdm fix	2
HUD fixes	2
exec fix	2
tt fix	2
oe24 fix	2
order bug	2
v4 fixes	2
fix bugs3	2
Mask fix	2
Bugfix2.	2
ad fix	2
fix er	2
BUGZ	2
Fix a0	2
Type int	2
100 fix	2
[FIXES] 0	2
[Fix] all	2
[Fix] or	2
[Fix] 0	2
Bug error	2
Fix #53	2
Bug Fxes	2
Fix drag	2
Fix eof.	2
fixed %s	2
Fix rpp	2
Debug 5	2
debug 9	2
debug 11	2
ifix	2
fix conn	2
firefix	2
fixüî•	2
ÊΩúÂú®bug	2
fix Á≠æÂà∞api	2
‰øÆÊ≠£È¢ëÈÅìÂàáÊç¢bug	2
we fix	2
fix kw	2
issue #32	2
Fix CORS	2
Fix md	2
fix p3	2
decay fix	2
fixed SQL	2
fix db.py	2
array bug	2
fix max_k	2
fix v7	2
Arg fix	2
fix e.msg	2
Debug7	2
Debug10	2
Debug11	2
Debug14	2
Debug19	2
fixky	2
superfix	2
fix walk	2
ah.. bug	2
FIX: sp	2
fix rps	2
fix news	2
fixedBy	2
Fix scale	2
Fix bot	2
fixed avg	2
newtx fix	2
lols bug	2
bug of !	2
Fix idle	2
fix utc	2
fix utc 2	2
fix r+	2
anti-fix	2
debug = 0	2
Fix algo.	2
proxy fix	2
A bugfix.	2
zoom fix	2
[bee] fix	2
fix ln 59	2
can fixes	2
‰øÆÊîπÊï∞ÊçÆÊ±áÊÄªbug	2
Bugbugbug	2
ugly fix	2
fix today	2
lenta fix	2
Dates fix	2
fix IP	2
ean bug	2
fix #660	2
Fix oops	2
fix PIPE	2
fix repo	2
Fixed SH	2
type duty	2
[fix] ups	2
hlt bug	2
add _type	2
hotfix!	2
nice fix	2
fixed baf	2
Bugz	2
fix buges	2
no-debug	2
fix wimt	2
bad fix	2
fix jsmin	2
fix age	2
rankÂõæË°®bug	2
dirty fix	2
#FixedIt	2
‰øÆÊ≠£ bug	2
fix 301	2
Fixe bug	2
PR fixes	2
fix x sub	2
Fixed...	2
cisco bug	2
fix :'(	2
fix fd	2
fix dst	2
EZ fix	2
fix #45	2
wave fix	2
fix : bug	2
fix pA()	2
tools bug	2
drop fix	2
fix nan	2
fix path√Ñ	2
fix sk	2
NNSED fix	2
TENE fix	2
FGSD fix	2
fix E711	2
Fix RNNP	2
GUI FIX	2
Token fix	2
‰øÆÂ§çxzbug	2
fixbug.	2
fix /256.	2
fixes lai	2
atoms fix	2
get types	2
db fixed	2
Fix posts	2
bsbs bug	2
Scan fix.	2
stop fix	2
QUICKFIX	2
BEC fix	2
dec: fix	2
fix cox	2
headerfix	2
slots fix	2
fixng	2
mc fix	2
Mini Fix	2
hosts fix	2
Fix flex	2
Fix term	2
bugfix??	2
'fixup'	2
fix rho	2
fix tupo	2
Short fix	2
aps fix?	2
fix /step	2
FIX print	2
TypeError	2
fix brace	2
fix try 1	2
try fix 6	2
fixed df	2
fix chown	2
fix scan	2
mixin fix	2
Lazy fix	2
fox bug	2
Fixed exp	2
Fix ^	2
fix poly	2
Buf fix	2
xml bug	2
Fix log.	2
Fix mime	2
fix 2.0	2
type mess	2
fixed +=	2
FIX email	2
fix pep	2
fixes #81	2
fixes cli	2
speed fix	2
ssl fix	2
oops. fix	2
Cat fix.	2
Fix osx	2
fixed re	2
Fix arena	2
opt bug	2
dict_fix	2
Fix thumb	2
last bug	2
fix uid	2
@ prefix	2
fixparens	2
‰øÆÊîπÂïÜÂìÅÊé•Âè£bug	2
fixed VCG	2
‰øÆÊîπ bug.	2
Test Fix	2
fix sys	2
debugtrue	2
fix cm	2
Ref bug	2
low fix	2
bugfxi	2
fix ts	2
FIX merge	2
fix zoom	2
fix gru	2
fix lcass	2
fix rpm	2
fix narg	2
DEV: fix	2
pr fixes	2
fix_maybe	2
fix_4	2
fix nack	2
fix roots	2
qbugfix	2
curse fix	2
Fix say	2
Fix shop	2
fixing db	2
fix -	2
Fix this	2
Ugly bug.	2
Php fix	2
fix +=	2
Fix Bingo	2
fix bug'	2
gbn debug	2
mistake!	2
fix bug 1	2
Fix Meta.	2
fix elif	2
flag fix	2
fix conv	2
FIX!!	2
fix cov	2
es bug	2
Minor Bug	2
Fix sign	2
htfix	2
fix trafo	2
axis bug	2
fixed s2s	2
Êõ¥Êîπ‰∫Übug	2
Query fix	2
Fix desc	2
fix getN	2
fix?!	2
fix class	2
sweep bug	2
fix timec	2
Check fix	2
fix jump	2
fix bin \	2
fixd :x:d	2
Fixed GUI	2
fixeded	2
Fix: name	2
Slice fix	2
fix \n	2
ping fix	2
TDD fix	2
#fixbug!	2
Ëß£ÂÜ≥‰∏Ä‰∏™bug	2
fix bzr	2
fix bug1	2
fixedboys	2
!help fix	2
pass type	2
topo fix	2
fix Ê∂àÁÅ≠	2
touch bug	2
slurm bug	2
Fix pool	2
joke fix	2
fixed e2e	2
fix[2]	2
fix[3]	2
Fix C407	2
Bugfiz	2
Fix mmap.	2
fix Docs	2
fix agent	2
fix cart	2
fix TAB	2
b√ºgfix	2
argerror	2
fix CLI	2
rew fix	2
Self fix	2
FIX 1	2
new fix!	2
typeÊõ¥Ê≠£	2
bug2"	2
bag fixed	2
‰øÆÊ≠£Â≠òÂÇ®ÂêçÁöÑbug	2
fixes;	2
fixes gid	2
Fix joke	2
Fix href	2
Dbug	2
Fix name;	2
bug fix 5	2
bug fix 6	2
fix val1b	2
AUC fix	2
fix fasta	2
metricfix	2
types!	2
fix rtfd	2
fix ulit	2
bugmifx	2
fix bo	2
fix f1	2
Buf Fixed	2
Fix P	2
Fix DKB.	2
fix v nr	2
fixd2	2
Fix gpio	2
fixed lr	2
sql issue	2
Fix xx	2
breakfix	2
fixËµãÂÄº	2
fix Âà§Êñ≠	2
fix Âà§Êñ≠Â≠òÊ°£	2
fix ÁõÆÂΩï	2
doc type	2
fixed md5	2
DEBUG!!!!	2
‰øÆÂ§ç‰∏Ä‰∏™Â∞èbug	2
repr fix	2
fix  bug	2
fix equal	2
graph_fix	2
bugs mask	2
or debug	2
waves bug	2
fix ips	2
metafix	2
fix slack	2
e fix	2
rifix	2
 fix2	2
Fix 14	2
BUGFIX!!	2
Snail fix	2
dmal fix	2
Kill bug	2
fixed`	2
Bug bug	2
mph fix	2
BUG !!!	2
fix seg	2
HM: Fixed	2
np fix	2
ÊêúÊòìË¥∑bug‰øÆÂ§ç	2
CP fixed	2
Urls fix	2
fix via	2
ifile bug	2
edge bug	2
bpm fix	2
fix QA	2
Fix ut	2
bug order	2
fix orane	2
fix group	2
fix --wol	2
logic bug	2
robot bug	2
fixed NL	2
+ error	2
bitfix	2
fix music	2
[Fixup]	2
fix o2	2
bug....	2
micro bug	2
fix mult	2
‰øÆÊ≠£bugs	2
alice bug	2
tiao bug	2
bug fix..	2
fixing g	2
fix in	2
fix bugz	2
gub fix	2
Hound fix	2
fix e->eu	2
money fix	2
fixes 30	2
Fix none	2
flac: fix	2
fix edges	2
det fix	2
fix coadd	2
fix NIRES	2
lamp fix	2
valid fix	2
bugfix Bz	2
fix kick	2
fix pull	2
fix ints	2
Bug Fices	2
issue #17	2
- fix url	2
p fix	2
path fix2	2
fixed viz	2
BUG‰øÆÂ§ç	2
ÈÅóÁïôBUG	2
FIx bugs	2
fix US_TZ	2
debuggg	2
Fix a bad	2
Fix lab2	2
vis fix	2
fixes 267	2
1.fix bug	2
SPI fixes	2
fix #630	2
[Foolfix]	2
fixe ?	2
fix v1.3	2
VDF fix	2
Xls fix	2
Imap fix	2
fixed dd	2
fix unify	2
fix orgn	2
fix imap	2
Save fix	2
RCE-Fixed	2
fix vocab	2
bug--	2
sage fix	2
pca fix	2
Fix >help	2
Fix bangs	2
Fix >info	2
Fix >ping	2
Fix eval	2
Fix Sql	2
Fix days	2
Fix cores	2
ST3 fix	2
Fix seq	2
-type	2
Fix file	2
Fix array	2
Fix dist	2
Fix val	2
Fix size	2
Fix indx	2
Fix keys	2
Catbug	2
debug ok	2
fix d	2
nu debug	2
fix bails	2
fix prune	2
fix #OC %	2
BF: Fixes	2
prefix _	2
Fix dir	2
fix API	2
Bug hack2	2
XdFiX	2
Fix antq	2
fix rs	2
fix ia	2
fixed dp	2
Doc type	2
fix a ()	2
try error	2
Type.	2
fuckfix	2
pipe fix	2
mutt fix	1
M√°s fixes	1
fix #48	1
fix #373	1
Fixes #12	1
fix #50	1
Fixedd #8	1
Fixedd	1
fixes PMO	1
Fix #344	1
fix #108	1
bug

bug	1
bug bug	1
fix #228	1
Fix #13.	1
fix #188	1
fix #164	1
fix

M	1
fix M	1
fix #204	1
fix: fix	1
hotfixes	1
 fix bug	1
fix
:q	1
fix :q	1
[FIX #4]	1
[FIX ]	1
Fix #425	1
fixed #10	1
sdr: fix	1
Fixes #44	1
fix#2	1
Fix #365	1
fix #215	1
fix #82	1
SSL fix	1
fixes #62	1
Fixes #50	1
Fixed #75	1
Fix #346	1
Fix #429	1
Fix #558	1
Fix #216	1
Fix #2062	1
fix #142	1
Fix #57	1
fixes ,	1
: bug fix	1
#15: fix	1
Fixed #20	1
Bug fix 3	1
fix #292	1
Fix owner	1
fix #61	1
Fixed #37	1
fixed #57	1
Issue #42	1
Fixes #29	1
Fixes #27	1
fix #119	1
:: Bugfix	1
Fix #185	1
might fix	1
fixed #30	1
fixed #79	1
fixed #61	1
fixed #71	1
fixed #90	1
fixed #23	1
fixed #89	1
bugfix#26	1
bugfix of	1
Fix #119	1
Fix #333	1
#21 fixed	1
Fixed #1.	1
Fixes GH	1
fix #721	1
fix #889	1
fix #1095	1
fix #1304	1
Fix #231.	1
Re fix	1
fixes #44	1
bug#5	1
fixed #50	1
Fix #286	1
Fix #23	1
fix snmp	1
fix #45.	1
BUG#117	1
#46 fix	1
#258 fix	1
#35 fix	1
fix f√ºr	1
#6 fixed	1
fixed #2	1
Fix to	1
Fixes #83	1
Fix #2412	1
Fix #542	1
Fix #398	1
Fix #576	1
issue -5	1
fixes #74	1
fix: #36	1
fixex	1
Fix TB	1
Fixes TB	1
Fixes #69	1
Fix #4290	1
Fix #87.	1
Fixes #54	1
db issues	1
Fixed #73	1
Fixed #6.	1
bug #0001	1
fix #146	1
Fixed 36	1
fixed now	1
Fixed #85	1
hotfix#1	1
hotfix#3	1
bugfixan	1
Issue :	1
issue #42	1
 * Bugfix	1
fix #1231	1
Fixes #84	1
Fix #116	1
Fix #730	1
Fix #731	1
Fix #319	1
Fix #3576	1
Fix #2399	1
Fix #2414	1
Fix #3856	1
Fix #1136	1
Fix #1157	1
Fix #1619	1
Fix #1804	1
Fix #2434	1
Fix #2433	1
Fix #2570	1
Fix #2832	1
Fix #2912	1
Debug #3	1
fixes #76	1
	Win fix	1
Win fix	1
issue #49	1
#224 fix	1
Fix #4098	1
Fix open	1
fix #311	1
fix #341	1
fix #362	1
fix #209	1
Fix #207	1
Fix: #288	1
fix #158	1
fix  it.	1
fix it.	1
fix #206	1
tinty fix	1
fixes #45	1
Fix #1974	1
fix #89	1
fix #117	1
Fix #144	1
Fixed #18	1
Fix #227.	1
issue #40	1
fixes #65	1
#54 fixed	1
Fix #76	1
fix ISSUE	1
fix #93	1
üêõ fix #3	1
üêõ fix	1
bug (refs	1
Fix #62	1
Fixed #92	1
Fix #289	1
refs fix	1
: Fixes .	1
Fix #1323	1
Fix #738	1
Fix #840	1
Fix #895	1
Fix #957	1
Fix #1002	1
Fix #1101	1
Fix #1204	1
Fix #1284	1
fixes #1;	1
fixes ;	1
fixes #89	1
- log fix	1
Bugfix #2	1
fix #42	1
Fix (#62)	1
fixed Nop	1
 fix soup	1
fix soup	1
Fix #297	1
 * bugfix	1
str fixes	1
fix #128	1
fixed #7	1
Issue #4	1
#12 FIX	1
FIX #14	1
Fix #1413	1
fix #160	1
fix qfq	1
fix (C)	1
fix #3102	1
fix #69	1
fix nana	1
Fix #198	1
Fix #1844	1
PR fix #1	1
Fix #50	1
#10 fix	1
Bug 9	1
Fixes #64	1
    fix	1
fix (#55)	1
#95 fixed	1
fix #3225	1
fix #157	1
fixed #4	1
Fixed #55	1
Fix #443	1
#720: Fix	1
: Fix	1
to fix	1
Fix #1406	1
FIX PR	1
Fix #66	1
Fix #96	1
‰øÆÂ§çÊ≥®ÂÜå bug	1
fixerror	1
Fix #39	1
Fixed #61	1
debug]	1
fixed #2.	1
Fix #454	1
Fix #996.	1
Fix #376	1
fixed #5	1
fix bug#5	1
fix #738	1
Fix #457	1
Fix #460	1
logo fix	1
issue#208	1
 error	1
Fixes #97	1
Fixes #72	1
Fixes #74	1
 fix exec	1
fix exec	1
Fix #395	1
fix #326	1
fixes #42	1
fix #109	1
fix spm	1
fix #2596	1
fix #3736	1
fix #3916	1
#22: fix	1
[FIX] URL	1
#80: fix	1
#97: fix	1
#113: fix	1
fix #231	1
 fix sort	1
 fixing	1
fixed 3	1
Fix bug 8	1
fixed #6	1
issues#4	1
HoxFix #2	1
HoxFix	1
Fix #3628	1
fix #1732	1
fix #689	1
:bug: Fix	1
fix  #463	1
fix #112	1
Fixed #15	1
fix: #291	1
bug fix -	1
Fix: #36	1
fixed #12	1
bug 288	1
bug 680	1
Fix #137	1
fix #100	1
fix #99	1
[Fix] #15	1
 fix bugs	1
hot fix#2	1
hot fix#5	1
 Debug.	1
Issue #74	1
Issue #78	1
Fix #343	1
fixes .	1
fix #88	1
bug

aa	1
bug aa	1
Fix #632	1
fix #77	1
Fix #339	1
Fix #313	1
fixes #38	1
fix #67	1
 fix test	1
fix: #65	1
fix #102	1
fix #265	1
Êõ¥Êñ∞

bug	1
Êõ¥Êñ∞ bug	1
fix AB	1
 Edge fix	1
Edge fix	1
FIX Issue	1
May fix	1
Fixes #53	1
Fix re	1
fix #107	1
#20: fix	1
 #95 fix	1
#117 fix	1
#130 fix	1
 one fix	1
Fix #16	1
fix #86	1
Fixed #80	1
Fixed #60	1
voice fix	1
 fix name	1
fix PR31	1
Fix 1272.	1
Fix #919	1
Fix #924	1
Fix #9313	1
' ' fix	1
fixed #82	1
Fix #54	1
Fix #121	1
Fix #107	1
Fixes #93	1
fix #37	1
#95 fixes	1
fix #154	1
fix #2667	1
fix #2789	1
Fix #4358	1
 fix"	1
fix"	1
Fixed #76	1
#86 fix	1
Fix #237.	1
. Fixed.	1
fixes #71	1
fixed #44	1
fixed #48	1
Fix and .	1
fix #165	1
fixed #16	1
fix #523	1
[fix #19]	1
[fix ]	1
issue #27	1
fix #137	1
fixed #40	1
bug #2	1
fix #370	1
fix #172	1
fixd #61	1
fixd	1
debug aaa	1
Fix #954	1
Fix #955	1
refix #33	1
Fixing .	1
 Bug Fix	1
fixed #31	1
Issue #8	1
bug

~	1
bug ~	1
Logic bug	1
fixes #47	1
bug..	1
fixes #43	1
Hotfix #2	1
Hotfix #3	1
Fix Bug 9	1
Fix #63.	1
fixes #35	1
debug

-	1
debug -	1
Issue #21	1
fix#7	1
 bug!	1
Fix macos	1
Fix #6601	1
fix ##2	1
fixed #62	1
fix #169	1
fix : fix	1
Fixes #4.	1
fixed #55	1
Fix #3072	1
Fix #75	1
Fixes #5.	1
fix on #6	1
fix on	1
Issue #35	1
fixes #99	1
Fix #381	1
type #49	1
fix #372	1
Fix #1455	1
Fix #6395	1
Fixes #73	1
Fix #18.	1
Fix #25.	1
Fix #32.	1
Fix #46.	1
Fix #50.	1
Fix #52.	1
Fix #55.	1
fixes #53	1
fixes #57	1
[FIX] doc	1
fix #210	1
hotfix #1	1
#3 fixed.	1
[] fixed	1
fix #70	1
fix #104	1
Issue #7	1
Issue #91	1
fix (#94)	1
Fix #56	1
Woops Fix	1
Fix

Fix	1
Fix Pray	1
fixd

.	1
fixd .	1
FixesCC2	1
7 fix	1
34 fixed	1
fixed #45	1
fix #74	1
 fix GN	1
fix GN	1
altro fix	1
 user fix	1
 fix dao	1
fixes #96	1
fix #1671	1
fix #1766	1
fix #1832	1
fix #1869	1
fix #1830	1
fix #1394	1
fix #1518	1
fix #2333	1
fix #2424	1
fix #2432	1
fix #2452	1
fix #2438	1
fix #1831	1
fix #2562	1
fix #2499	1
fix #2587	1
fix #2624	1
fiX	1
Fixed #82	1
fix (#95)	1
Fix run	1
fix #526	1
Fix #169	1
Fix #150	1
Fix #680	1
Fix #278	1
Fix BZ0	1
fix: #11	1
fixes #18	1
fix:#38	1
fix: #44	1
Fixes #15	1
fix  ref	1
